timestamp,user_id,news,response
2025-05-07 21:22:25,7835749556,"–ñ–∏—Ç–µ–ª–∏ –õ–æ—Å–∏–Ω–æ-–ü–µ—Ç—Ä–æ–≤—Å–∫–æ–≥–æ —Å–æ–æ–±—â–∞—é—Ç –æ–± —É–Ω–∏—á—Ç–æ–∂–µ–Ω–∏–∏ –ë–ü–õ–ê (–≤–∏–¥–µ–æ 1). –°—É–¥—è –ø–æ –≤–∏–¥–µ–æ, –±–µ—Å–ø–∏–ª–æ—Ç–Ω–∏–∫ –±—ã–ª —Å–±–∏—Ç –ü–í–û. 

–ü–µ—Ä–µ–¥ —ç—Ç–∏–º –≤–∏–¥–µ–æ —Å —É–Ω–∏—á—Ç–æ–∂–µ–Ω–∏–µ–º –ë–ü–õ–ê –ø–æ–¥ –ü–æ–¥–æ–ª—å—Å–∫–æ–º –æ–ø—É–±–ª–∏–∫–æ–≤–∞–ª–∏ –∂–∏—Ç–µ–ª–∏ –ø–æ—Å–µ–ª–∫–∞ –ö—É—Ä–∏–ª–æ–≤–æ (–≤–∏–¥–µ–æ 2). 

–†–∞–Ω–µ–µ –º—ç—Ä –ú–æ—Å–∫–≤—ã –°–µ—Ä–≥–µ–π –°–æ–±—è–Ω–∏–Ω —Å–æ–æ–±—â–∞–ª –æ–± —É–Ω–∏—á—Ç–æ–∂–µ–Ω–∏–∏ –≤ –æ–±—â–µ–π —Å–ª–æ–∂–Ω–æ—Å—Ç–∏ –¥–µ–≤—è—Ç–∏ –ë–ü–õ–ê, –ª–µ—Ç–µ–≤—à–∏—Ö –Ω–∞ –ú–æ—Å–∫–≤—É, –∑–∞ –ø–æ—Å–ª–µ–¥–Ω–∏–µ 4 —á–∞—Å–∞.

–¢–∞–∫–∂–µ –≤ –∞—ç—Ä–æ–ø–æ—Ä—Ç—É –î–æ–º–æ–¥–µ–¥–æ–≤–æ –≤–Ω–æ–≤—å –≤–≤–µ–ª–∏ –æ–≥—Ä–∞–Ω–∏—á–µ–Ω–∏—è –Ω–∞ –ø—Ä–∏–µ–º –∏ –≤—ã–ø—É—Å–∫ –≤–æ–∑–¥—É—à–Ω—ã—Ö —Å—É–¥–æ–≤.

UPD: –°–µ—Ä–≥–µ–π –°–æ–±—è–Ω–∏–Ω –∑–∞—è–≤–∏–ª, —á—Ç–æ ¬´—É–Ω–∏—á—Ç–æ–∂–µ–Ω—ã –µ—â—ë —Ç—Ä–∏ —É–∫—Ä–∞–∏–Ω—Å–∫–∏—Ö –±–µ—Å–ø–∏–ª–æ—Ç–Ω–∏–∫–∞ –Ω–∞ –ø–æ–¥–ª—ë—Ç–µ –∫ –ú–æ—Å–∫–≤–µ. –ù–∞ –º–µ—Å—Ç–µ –ø–∞–¥–µ–Ω–∏—è –æ–±–ª–æ–º–∫–æ–≤ —Ä–∞–±–æ—Ç–∞—é—Ç —Å–ø–µ—Ü–∏–∞–ª–∏—Å—Ç—ã —ç–∫—Å—Ç—Ä–µ–Ω–Ω—ã—Ö —Å–ª—É–∂–±¬ª. 

–¢–∞–∫–∏–º –æ–±—Ä–∞–∑–æ–º —á–∏—Å–ª–æ —Å–±–∏—Ç—ã—Ö –∑–∞ –ø–æ—Å–ª–µ–¥–Ω–∏–µ —á–∞—Å—ã –ë–ü–õ–ê —Å–æ—Å—Ç–∞–≤–ª—è–µ—Ç 12.","**–°—É—Ç—å –Ω–æ–≤–æ—Å—Ç–∏**

–†–µ–±—è—Ç–∞, –≤–∏–¥–µ–æ –æ–±–ª–µ—Ç–µ–ª–æ –≤—Å—é —Å–µ—Ç—å: –≤ –õ–æ—Å–∏–Ω–æ-–ü–µ—Ç—Ä–æ–≤—Å–∫–æ–º —Å–±–∏–ª–∏ –¥—Ä–æ–Ω. –ï—â–µ –ø–∞—Ä–æ—á–∫—É —Ç–∞–∫–∏—Ö –∂–µ –Ω–∞—Å—Ç–∏–≥–ª–∞ —Ç–∞–∫–∞—è –∂–µ —É—á–∞—Å—Ç—å –ø–æ–¥ –ü–æ–¥–æ–ª—å—Å–∫–æ–º. –°–µ—Ä–≥–µ–π –°–æ–±—è–Ω–∏–Ω –ø–æ–¥—Ç–≤–µ—Ä–¥–∏–ª: –∑–∞ –ø–æ—Å–ª–µ–¥–Ω–∏–µ —á–∞—Å—ã —Å–±–∏—Ç–æ —É–∂–µ 12 –±–µ—Å–ø–∏–ª–æ—Ç–Ω–∏–∫–æ–≤, –ª–µ—Ç–µ–≤—à–∏—Ö –Ω–∞ –ú–æ—Å–∫–≤—É. –ò–∑-–∑–∞ —ç—Ç–æ–≥–æ –≤ –∞—ç—Ä–æ–ø–æ—Ä—Ç—É –î–æ–º–æ–¥–µ–¥–æ–≤–æ –æ–ø—è—Ç—å –≤–≤–µ–ª–∏ –æ–≥—Ä–∞–Ω–∏—á–µ–Ω–∏—è –Ω–∞ –ø—Ä–∏–µ–º –∏ –≤—ã–ø—É—Å–∫ —Å–∞–º–æ–ª–µ—Ç–æ–≤.

–ú–æ–π –∫–æ–º–º–µ–Ω—Ç–∞—Ä–∏–π:

–ß–µ—Å—Ç–Ω–æ –≥–æ–≤–æ—Ä—è, —ç—Ç–æ –∑–≤—É—á–∏—Ç –Ω–µ–º–Ω–æ–≥–æ –ø—É–≥–∞—é—â–µ. –ù–æ –≤ —Ç–æ –∂–µ –≤—Ä–µ–º—è, –æ–±–Ω–∞–¥–µ–∂–∏–≤–∞–µ—Ç, —á—Ç–æ –Ω–∞—à–∏ –ü–í–û —Ä–∞–±–æ—Ç–∞—é—Ç –∫–∞–∫ —á–∞—Å—ã. –ù—É –∞ –ø–∞—Å—Å–∞–∂–∏—Ä–∞–º –∞—ç—Ä–æ–ø–æ—Ä—Ç–∞ –î–æ–º–æ–¥–µ–¥–æ–≤–æ, –∫–æ–Ω–µ—á–Ω–æ, –Ω–µ –ø–æ–≤–µ–∑–ª–æ. –ù–∞–¥–µ—é—Å—å, —ç—Ç–æ –≤—Ä–µ–º–µ–Ω–Ω—ã–µ —Ç—Ä—É–¥–Ω–æ—Å—Ç–∏, –∏ –≤—Å–∫–æ—Ä–µ –≤—Å–µ –≤–µ—Ä–Ω–µ—Ç—Å—è –≤ –Ω–æ—Ä–º—É. –í—Å–µ–º, –∫—Ç–æ –≤—ã–Ω—É–∂–¥–µ–Ω —Å–µ–π—á–∞—Å –ª–µ—Ç–µ—Ç—å, –¥–µ—Ä–∂–∏—Ç–µ—Å—å!"
2025-05-07 21:25:18,7835749556,"–ñ–∏—Ç–µ–ª–∏ –õ–æ—Å–∏–Ω–æ-–ü–µ—Ç—Ä–æ–≤—Å–∫–æ–≥–æ —Å–æ–æ–±—â–∞—é—Ç –æ–± —É–Ω–∏—á—Ç–æ–∂–µ–Ω–∏–∏ –ë–ü–õ–ê (–≤–∏–¥–µ–æ 1). –°—É–¥—è –ø–æ –≤–∏–¥–µ–æ, –±–µ—Å–ø–∏–ª–æ—Ç–Ω–∏–∫ –±—ã–ª —Å–±–∏—Ç –ü–í–û. 

–ü–µ—Ä–µ–¥ —ç—Ç–∏–º –≤–∏–¥–µ–æ —Å —É–Ω–∏—á—Ç–æ–∂–µ–Ω–∏–µ–º –ë–ü–õ–ê –ø–æ–¥ –ü–æ–¥–æ–ª—å—Å–∫–æ–º –æ–ø—É–±–ª–∏–∫–æ–≤–∞–ª–∏ –∂–∏—Ç–µ–ª–∏ –ø–æ—Å–µ–ª–∫–∞ –ö—É—Ä–∏–ª–æ–≤–æ (–≤–∏–¥–µ–æ 2). 

–†–∞–Ω–µ–µ –º—ç—Ä –ú–æ—Å–∫–≤—ã –°–µ—Ä–≥–µ–π –°–æ–±—è–Ω–∏–Ω —Å–æ–æ–±—â–∞–ª –æ–± —É–Ω–∏—á—Ç–æ–∂–µ–Ω–∏–∏ –≤ –æ–±—â–µ–π —Å–ª–æ–∂–Ω–æ—Å—Ç–∏ –¥–µ–≤—è—Ç–∏ –ë–ü–õ–ê, –ª–µ—Ç–µ–≤—à–∏—Ö –Ω–∞ –ú–æ—Å–∫–≤—É, –∑–∞ –ø–æ—Å–ª–µ–¥–Ω–∏–µ 4 —á–∞—Å–∞.

–¢–∞–∫–∂–µ –≤ –∞—ç—Ä–æ–ø–æ—Ä—Ç—É –î–æ–º–æ–¥–µ–¥–æ–≤–æ –≤–Ω–æ–≤—å –≤–≤–µ–ª–∏ –æ–≥—Ä–∞–Ω–∏—á–µ–Ω–∏—è –Ω–∞ –ø—Ä–∏–µ–º –∏ –≤—ã–ø—É—Å–∫ –≤–æ–∑–¥—É—à–Ω—ã—Ö —Å—É–¥–æ–≤.

UPD: –°–µ—Ä–≥–µ–π –°–æ–±—è–Ω–∏–Ω –∑–∞—è–≤–∏–ª, —á—Ç–æ ¬´—É–Ω–∏—á—Ç–æ–∂–µ–Ω—ã –µ—â—ë —Ç—Ä–∏ —É–∫—Ä–∞–∏–Ω—Å–∫–∏—Ö –±–µ—Å–ø–∏–ª–æ—Ç–Ω–∏–∫–∞ –Ω–∞ –ø–æ–¥–ª—ë—Ç–µ –∫ –ú–æ—Å–∫–≤–µ. –ù–∞ –º–µ—Å—Ç–µ –ø–∞–¥–µ–Ω–∏—è –æ–±–ª–æ–º–∫–æ–≤ —Ä–∞–±–æ—Ç–∞—é—Ç —Å–ø–µ—Ü–∏–∞–ª–∏—Å—Ç—ã —ç–∫—Å—Ç—Ä–µ–Ω–Ω—ã—Ö —Å–ª—É–∂–±¬ª. 

–¢–∞–∫–∏–º –æ–±—Ä–∞–∑–æ–º —á–∏—Å–ª–æ —Å–±–∏—Ç—ã—Ö –∑–∞ –ø–æ—Å–ª–µ–¥–Ω–∏–µ —á–∞—Å—ã –ë–ü–õ–ê —Å–æ—Å—Ç–∞–≤–ª—è–µ—Ç 12.","**–£—Ö —Ç—ã, —Ä–µ–±—è—Ç–∞, –∂–∏—Ç–µ–ª–∏ –õ–æ—Å–∏–Ω–æ-–ü–µ—Ç—Ä–æ–≤—Å–∫–æ–≥–æ –ø–æ–¥–µ–ª–∏–ª–∏—Å—å –≤–∏–¥–µ–æ, –≥–¥–µ –≤–∏–¥–Ω–æ –∫–∞–∫ —Å–±–∏–≤–∞—é—Ç –±–µ—Å–ø–∏–ª–æ—Ç–Ω–∏–∫. –°—É–¥—è –ø–æ –≤—Å–µ–º—É, –¥–ª—è —ç—Ç–æ–≥–æ –∏—Å–ø–æ–ª—å–∑–æ–≤–∞–ª–∏ –ü–í–û. –≠—Ç–æ —É–∂–µ –Ω–µ –ø–µ—Ä–≤—ã–π —Å–ª—É—á–∞–π, –Ω–µ–¥–∞–≤–Ω–æ —Ç–æ—á–Ω–æ —Ç–∞–∫–æ–µ –∂–µ –≤–∏–¥–µ–æ –≤—ã—Å—Ç–∞–≤–∏–ª–∏ –∂–∏—Ç–µ–ª–∏ –ö—É—Ä–∏–ª–æ–≤–æ. üòÆ

–ú—ç—Ä –ú–æ—Å–∫–≤—ã –°–µ—Ä–≥–µ–π –°–æ–±—è–Ω–∏–Ω —Å–æ–æ–±—â–∏–ª, —á—Ç–æ –∑–∞ –ø–æ—Å–ª–µ–¥–Ω–∏–µ 4 —á–∞—Å–∞ —É–Ω–∏—á—Ç–æ–∂–∏–ª–∏ —Ü–µ–ª—ã—Ö 9 —Ç–∞–∫–∏—Ö —à—Ç—É–∫. –ö—Ä–æ–º–µ —Ç–æ–≥–æ, –≤ –∞—ç—Ä–æ–ø–æ—Ä—Ç—É –î–æ–º–æ–¥–µ–¥–æ–≤–æ –≤–≤–æ–¥—è—Ç –æ–≥—Ä–∞–Ω–∏—á–µ–Ω–∏—è –Ω–∞ –ø—Ä–∏–ª—ë—Ç –∏ –≤—ã–ª–µ—Ç —Å–∞–º–æ–ª—ë—Ç–æ–≤. üöÅ

UPD: –°–æ–±—è–Ω–∏–Ω —Ç–æ–ª—å–∫–æ —á—Ç–æ —Å–∫–∞–∑–∞–ª, —á—Ç–æ –µ—â—ë —Ç—Ä–∏ –±–µ—Å–ø–∏–ª–æ—Ç–Ω–∏–∫–∞ —É–Ω–∏—á—Ç–æ–∂–µ–Ω—ã. –¢–∞–∫ —á—Ç–æ —Ç–µ–ø–µ—Ä—å –∏—Ö —É–∂–µ 12. üò≥**

–ú–æ–π –∫–æ–º–º–µ–Ω—Ç–∞—Ä–∏–π: –î–∞ —É–∂, —Å–∏—Ç—É–∞—Ü–∏—è –≤—ã–≥–ª—è–¥–∏—Ç –¥–æ–≤–æ–ª—å–Ω–æ —Ç—Ä–µ–≤–æ–∂–Ω–æ. –í–µ–¥—å —ç—Ç–æ –ø—Ä—è–º–æ–µ –≤–º–µ—à–∞—Ç–µ–ª—å—Å—Ç–≤–æ –≤ –Ω–∞—à—É –ø–æ–≤—Å–µ–¥–Ω–µ–≤–Ω—É—é –∂–∏–∑–Ω—å. –ö—Ç–æ –∑–Ω–∞–µ—Ç, –º–æ–∂–µ—Ç –±—ã—Ç—å, –∏–º–µ–Ω–Ω–æ –±–ª–∞–≥–æ–¥–∞—Ä—è —ç—Ç–∏–º –º–µ—Ä–∞–º, –º—ã —Å–ø–æ–∫–æ–π–Ω–æ –ø—Ä–æ–≤–æ–¥–∏–º —Å–≤–æ–π –≤–µ—á–µ—Ä –¥–æ–º–∞, –Ω–µ –ø–æ–¥–æ–∑—Ä–µ–≤–∞—è –æ —Ç–æ–º, —á—Ç–æ –ø—Ä–æ–∏—Å—Ö–æ–¥–∏—Ç –∑–∞ –æ–∫–Ω–æ–º. –ó–∞–±–∞–≤–Ω–æ, –∫–∞–∫ –≤ –Ω–∞—à–∏ –¥–Ω–∏ –º—ã –ø–æ–ª—É—á–∞–µ–º –∏–Ω—Ñ–æ—Ä–º–∞—Ü–∏—é –æ —Ç–∞–∫–∏—Ö –≤–µ—â–∞—Ö –Ω–µ –æ—Ç –æ—Ñ–∏—Ü–∏–∞–ª—å–Ω—ã—Ö –ª–∏—Ü, –∞ –æ—Ç –æ–±—ã—á–Ω—ã—Ö –ª—é–¥–µ–π –∏–∑ —Å–æ—Å–µ–¥–Ω–∏—Ö –¥–µ—Ä–µ–≤–µ–Ω—å, –∫–æ—Ç–æ—Ä—ã–µ –ø—Ä–æ—Å—Ç–æ –≤—ã–∫–ª–∞–¥—ã–≤–∞—é—Ç –≤–∏–¥–µ–æ –≤ –∏–Ω—Ç–µ—Ä–Ω–µ—Ç. ü§îüåê"
2025-05-07 21:26:20,7835749556,"–ñ–∏—Ç–µ–ª–∏ –õ–æ—Å–∏–Ω–æ-–ü–µ—Ç—Ä–æ–≤—Å–∫–æ–≥–æ —Å–æ–æ–±—â–∞—é—Ç –æ–± —É–Ω–∏—á—Ç–æ–∂–µ–Ω–∏–∏ –ë–ü–õ–ê (–≤–∏–¥–µ–æ 1). –°—É–¥—è –ø–æ –≤–∏–¥–µ–æ, –±–µ—Å–ø–∏–ª–æ—Ç–Ω–∏–∫ –±—ã–ª —Å–±–∏—Ç –ü–í–û. 

–ü–µ—Ä–µ–¥ —ç—Ç–∏–º –≤–∏–¥–µ–æ —Å —É–Ω–∏—á—Ç–æ–∂–µ–Ω–∏–µ–º –ë–ü–õ–ê –ø–æ–¥ –ü–æ–¥–æ–ª—å—Å–∫–æ–º –æ–ø—É–±–ª–∏–∫–æ–≤–∞–ª–∏ –∂–∏—Ç–µ–ª–∏ –ø–æ—Å–µ–ª–∫–∞ –ö—É—Ä–∏–ª–æ–≤–æ (–≤–∏–¥–µ–æ 2). 

–†–∞–Ω–µ–µ –º—ç—Ä –ú–æ—Å–∫–≤—ã –°–µ—Ä–≥–µ–π –°–æ–±—è–Ω–∏–Ω —Å–æ–æ–±—â–∞–ª –æ–± —É–Ω–∏—á—Ç–æ–∂–µ–Ω–∏–∏ –≤ –æ–±—â–µ–π —Å–ª–æ–∂–Ω–æ—Å—Ç–∏ –¥–µ–≤—è—Ç–∏ –ë–ü–õ–ê, –ª–µ—Ç–µ–≤—à–∏—Ö –Ω–∞ –ú–æ—Å–∫–≤—É, –∑–∞ –ø–æ—Å–ª–µ–¥–Ω–∏–µ 4 —á–∞—Å–∞.

–¢–∞–∫–∂–µ –≤ –∞—ç—Ä–æ–ø–æ—Ä—Ç—É –î–æ–º–æ–¥–µ–¥–æ–≤–æ –≤–Ω–æ–≤—å –≤–≤–µ–ª–∏ –æ–≥—Ä–∞–Ω–∏—á–µ–Ω–∏—è –Ω–∞ –ø—Ä–∏–µ–º –∏ –≤—ã–ø—É—Å–∫ –≤–æ–∑–¥—É—à–Ω—ã—Ö —Å—É–¥–æ–≤.

UPD: –°–µ—Ä–≥–µ–π –°–æ–±—è–Ω–∏–Ω –∑–∞—è–≤–∏–ª, —á—Ç–æ ¬´—É–Ω–∏—á—Ç–æ–∂–µ–Ω—ã –µ—â—ë —Ç—Ä–∏ —É–∫—Ä–∞–∏–Ω—Å–∫–∏—Ö –±–µ—Å–ø–∏–ª–æ—Ç–Ω–∏–∫–∞ –Ω–∞ –ø–æ–¥–ª—ë—Ç–µ –∫ –ú–æ—Å–∫–≤–µ. –ù–∞ –º–µ—Å—Ç–µ –ø–∞–¥–µ–Ω–∏—è –æ–±–ª–æ–º–∫–æ–≤ —Ä–∞–±–æ—Ç–∞—é—Ç —Å–ø–µ—Ü–∏–∞–ª–∏—Å—Ç—ã —ç–∫—Å—Ç—Ä–µ–Ω–Ω—ã—Ö —Å–ª—É–∂–±¬ª. 

–¢–∞–∫–∏–º –æ–±—Ä–∞–∑–æ–º —á–∏—Å–ª–æ —Å–±–∏—Ç—ã—Ö –∑–∞ –ø–æ—Å–ª–µ–¥–Ω–∏–µ —á–∞—Å—ã –ë–ü–õ–ê —Å–æ—Å—Ç–∞–≤–ª—è–µ—Ç 12.","**–ì–æ—Ä—è—á–∏–µ –Ω–æ–≤–æ—Å—Ç–∏ –∏–∑ –õ–æ—Å–∏–Ω–æ-–ü–µ—Ç—Ä–æ–≤—Å–∫–æ–≥–æ: –±–µ—Å–ø–∏–ª–æ—Ç–Ω–∏–∫–∏ —Å–±–∏–≤–∞—é—Ç, –∫–∞–∫ –≥—Ä—É—à–∏! 12 —à—Ç—É–∫ —É–∂–µ —É—à–ª–∏ –≤ –Ω–µ–±–µ—Å–Ω—ã–π –≥–∞—Ä–∞–∂ –∑–∞ –ø–æ—Å–ª–µ–¥–Ω–∏–µ —á–∞—Å—ã. –ò —ç—Ç–æ —Ç–æ–ª—å–∫–æ –Ω–∞–¥ –ú–æ—Å–∫–≤–æ–π. –ñ–∏—Ç–µ–ª—è–º —Å–æ–≤–µ—Ç—É—é—Ç –Ω–µ –ø—É–≥–∞—Ç—å—Å—è, –µ—Å–ª–∏ —É–≤–∏–¥—è—Ç –ø–∞–¥–∞—é—â–∏–µ –æ–±–ª–æ–º–∫–∏. –î–∞ –∏ –≤ –î–æ–º–æ–¥–µ–¥–æ–≤–æ –≤–Ω–æ–≤—å –æ–≥—Ä–∞–Ω–∏—á–∏–ª–∏ –ø—Ä–∏–µ–º-–≤—ã–ø—É—Å–∫ —Å–∞–º–æ–ª–µ—Ç–æ–≤.**

–ú–æ–π –∫–æ–º–º–µ–Ω—Ç–∞—Ä–∏–π: –í–æ—Ç —ç—Ç–æ –¥–∞, –±–µ—Å–ø–∏–ª–æ—Ç–Ω–∏–∫–∏ –ª–µ—Ç–∞—é—Ç, –∫–∞–∫ –Ω–∞ –≤–æ–π–Ω–µ! üò≤ –ë—É–¥–µ–º –Ω–∞–¥–µ—è—Ç—å—Å—è, —á—Ç–æ –≤—Å–µ —ç—Ç–æ –ø–æ–¥ –∫–æ–Ω—Ç—Ä–æ–ª–µ–º –∏ –Ω–∏–∫—Ç–æ –Ω–µ –ø–æ—Å—Ç—Ä–∞–¥–∞–µ—Ç. –û—á–µ–Ω—å –Ω–∞–¥–µ—é—Å—å, —á—Ç–æ –≤–ª–∞—Å—Ç–∏ –ø–æ–¥—É–º–∞—é—Ç –æ –±–µ–∑–æ–ø–∞—Å–Ω–æ—Å—Ç–∏ –ª—é–¥–µ–π –ø–µ—Ä–µ–¥ —Ç–µ–º, –∫–∞–∫ —Ä–µ—à–∞—Ç—å, –∫—É–¥–∞ –Ω–∞–ø—Ä–∞–≤–∏—Ç—å —Å–ª–µ–¥—É—é—â–∏–π –ë–ü–õ–ê. –í—Å—ë –∂–µ, —á–µ–ª–æ–≤–µ—á–µ—Å–∫–∏–µ –∂–∏–∑–Ω–∏ –≤–∞–∂–Ω–µ–µ, –Ω–µ —Ç–∞–∫ –ª–∏? ü§î –ù—É –∞ –ø–æ–∫–∞, –¥–µ—Ä–∂–∏—Ç–µ—Å—å, —Ä–µ–±—è—Ç–∞, –∏ –æ—Å—Ç–∞–≤–∞–π—Ç–µ—Å—å –≤ –±–µ–∑–æ–ø–∞—Å–Ω–æ—Å—Ç–∏! üôè"
2025-05-07 21:27:37,7835749556,"–ñ–∏—Ç–µ–ª–∏ –õ–æ—Å–∏–Ω–æ-–ü–µ—Ç—Ä–æ–≤—Å–∫–æ–≥–æ —Å–æ–æ–±—â–∞—é—Ç –æ–± —É–Ω–∏—á—Ç–æ–∂–µ–Ω–∏–∏ –ë–ü–õ–ê (–≤–∏–¥–µ–æ 1). –°—É–¥—è –ø–æ –≤–∏–¥–µ–æ, –±–µ—Å–ø–∏–ª–æ—Ç–Ω–∏–∫ –±—ã–ª —Å–±–∏—Ç –ü–í–û. 

–ü–µ—Ä–µ–¥ —ç—Ç–∏–º –≤–∏–¥–µ–æ —Å —É–Ω–∏—á—Ç–æ–∂–µ–Ω–∏–µ–º –ë–ü–õ–ê –ø–æ–¥ –ü–æ–¥–æ–ª—å—Å–∫–æ–º –æ–ø—É–±–ª–∏–∫–æ–≤–∞–ª–∏ –∂–∏—Ç–µ–ª–∏ –ø–æ—Å–µ–ª–∫–∞ –ö—É—Ä–∏–ª–æ–≤–æ (–≤–∏–¥–µ–æ 2). 

–†–∞–Ω–µ–µ –º—ç—Ä –ú–æ—Å–∫–≤—ã –°–µ—Ä–≥–µ–π –°–æ–±—è–Ω–∏–Ω —Å–æ–æ–±—â–∞–ª –æ–± —É–Ω–∏—á—Ç–æ–∂–µ–Ω–∏–∏ –≤ –æ–±—â–µ–π —Å–ª–æ–∂–Ω–æ—Å—Ç–∏ –¥–µ–≤—è—Ç–∏ –ë–ü–õ–ê, –ª–µ—Ç–µ–≤—à–∏—Ö –Ω–∞ –ú–æ—Å–∫–≤—É, –∑–∞ –ø–æ—Å–ª–µ–¥–Ω–∏–µ 4 —á–∞—Å–∞.

–¢–∞–∫–∂–µ –≤ –∞—ç—Ä–æ–ø–æ—Ä—Ç—É –î–æ–º–æ–¥–µ–¥–æ–≤–æ –≤–Ω–æ–≤—å –≤–≤–µ–ª–∏ –æ–≥—Ä–∞–Ω–∏—á–µ–Ω–∏—è –Ω–∞ –ø—Ä–∏–µ–º –∏ –≤—ã–ø—É—Å–∫ –≤–æ–∑–¥—É—à–Ω—ã—Ö —Å—É–¥–æ–≤.

UPD: –°–µ—Ä–≥–µ–π –°–æ–±—è–Ω–∏–Ω –∑–∞—è–≤–∏–ª, —á—Ç–æ ¬´—É–Ω–∏—á—Ç–æ–∂–µ–Ω—ã –µ—â—ë —Ç—Ä–∏ —É–∫—Ä–∞–∏–Ω—Å–∫–∏—Ö –±–µ—Å–ø–∏–ª–æ—Ç–Ω–∏–∫–∞ –Ω–∞ –ø–æ–¥–ª—ë—Ç–µ –∫ –ú–æ—Å–∫–≤–µ. –ù–∞ –º–µ—Å—Ç–µ –ø–∞–¥–µ–Ω–∏—è –æ–±–ª–æ–º–∫–æ–≤ —Ä–∞–±–æ—Ç–∞—é—Ç —Å–ø–µ—Ü–∏–∞–ª–∏—Å—Ç—ã —ç–∫—Å—Ç—Ä–µ–Ω–Ω—ã—Ö —Å–ª—É–∂–±¬ª. 

–¢–∞–∫–∏–º –æ–±—Ä–∞–∑–æ–º —á–∏—Å–ª–æ —Å–±–∏—Ç—ã—Ö –∑–∞ –ø–æ—Å–ª–µ–¥–Ω–∏–µ —á–∞—Å—ã –ë–ü–õ–ê —Å–æ—Å—Ç–∞–≤–ª—è–µ—Ç 12.","**Apple –æ–±–Ω–æ–≤–∏–ª–∞ —Å–≤–æ–π –º—É–∑—ã–∫–∞–ª—å–Ω—ã–π —Å–µ—Ä–≤–∏—Å Apple Music, –¥–æ–±–∞–≤–∏–≤ –ø–æ–¥–¥–µ—Ä–∂–∫—É –ø—Ä–æ—Å—Ç—Ä–∞–Ω—Å—Ç–≤–µ–Ω–Ω–æ–≥–æ –∑–≤—É–∫–∞ –∏ –º—É–∑—ã–∫–∏ –≤—ã—Å–æ–∫–æ–≥–æ —Ä–∞–∑—Ä–µ—à–µ–Ω–∏—è.**

–ú–æ–π –∫–æ–º–º–µ–Ω—Ç–∞—Ä–∏–π: 
–ù—É —á—Ç–æ, –ª—é–±–∏—Ç–µ–ª–∏ —è–±–ª–æ—á–Ω–æ–π –ø—Ä–æ–¥—É–∫—Ü–∏–∏, –≥–æ—Ç–æ–≤—ã –∫ –Ω–æ–≤–æ–º—É —É—Ä–æ–≤–Ω—é –∫–∞—á–µ—Å—Ç–≤–∞ –º—É–∑—ã–∫–∏? üéßüé∂ Apple —Ä–µ—à–∏–ª–∞ –ø–æ–¥–Ω—è—Ç—å —Å—Ç–∞–Ω–¥–∞—Ä—Ç—ã, –∏ —ç—Ç–æ –∫–ª–∞—Å—Å–Ω–æ! –¢–µ–ø–µ—Ä—å –Ω–∞—à–∏–º —É—à–∞–º –æ–±–µ—â–∞—é—Ç –Ω–∞—Å—Ç–æ—è—â–∏–π –∞—É–¥–∏–æ-–ø–∏—Ä. –í–ø—Ä–æ—á–µ–º, –≤—Å–µ –∑–∞–≤–∏—Å–∏—Ç –æ—Ç —Ç–æ–≥–æ, –Ω–∞—Å–∫–æ–ª—å–∫–æ –≤—ã —á—É–≤—Å—Ç–≤–∏—Ç–µ–ª—å–Ω—ã –∫ –∫–∞—á–µ—Å—Ç–≤—É –∑–≤—É–∫–∞. –ï—Å–ª–∏ –≤—ã —Ç–æ—Ç, –∫—Ç–æ —Å–ª—ã—à–∏—Ç —Ä–∞–∑–Ω–∏—Ü—É –º–µ–∂–¥—É MP3 –∏ FLAC, —ç—Ç–æ –¥–ª—è –≤–∞—Å. –ò–Ω–∞—á–µ... –Ω—É, –≤—Å–µ–≥–¥–∞ –ø—Ä–∏—è—Ç–Ω–æ –∑–Ω–∞—Ç—å, —á—Ç–æ —É —Ç–µ–±—è —Å–∞–º–∞—è –∫—Ä—É—Ç–∞—è —à—Ç—É–∫–∞, –¥–∞–∂–µ –µ—Å–ª–∏ —Ç—ã –Ω–µ –∑–∞–º–µ—á–∞–µ—à—å —Ä–∞–∑–Ω–∏—Ü—ã üòÖ

**–ù–æ–≤—ã–π –∑–∞–∫–æ–Ω –æ –∑–∞—â–∏—Ç–µ –¥–∞–Ω–Ω—ã—Ö –≤ –ö–∏—Ç–∞–µ –æ–±—è–∑—ã–≤–∞–µ—Ç –∫–æ–º–ø–∞–Ω–∏–∏ –ø–æ–ª—É—á–∏—Ç—å —Ä–∞–∑—Ä–µ—à–µ–Ω–∏–µ –ø–æ–ª—å–∑–æ–≤–∞—Ç–µ–ª–µ–π –ø–µ—Ä–µ–¥ –æ—Ç–ø—Ä–∞–≤–∫–æ–π –∏—Ö –¥–∞–Ω–Ω—ã—Ö –∑–∞ –≥—Ä–∞–Ω–∏—Ü—É.**

–ú–æ–π –∫–æ–º–º–µ–Ω—Ç–∞—Ä–∏–π: 
–ö–∏—Ç–∞–π –æ–ø—è—Ç—å —É–¥–∏–≤–ª—è–µ—Ç —Å–≤–æ–∏–º –ø–æ–¥—Ö–æ–¥–æ–º –∫ –∫–æ–Ω—Ç—Ä–æ–ª—é –¥–∞–Ω–Ω—ã—Ö ü§î –≠—Ç–æ, –∫–æ–Ω–µ—á–Ω–æ, –∑–∞—â–∏—â–∞–µ—Ç –¥–∞–Ω–Ω—ã–µ –≥—Ä–∞–∂–¥–∞–Ω –æ—Ç —É—Ç–µ—á–µ–∫, –Ω–æ –≤ —Ç–æ –∂–µ –≤—Ä–µ–º—è —É—Å–∏–ª–∏–≤–∞–µ—Ç –∫–æ–Ω—Ç—Ä–æ–ª—å –≥–æ—Å—É–¥–∞—Ä—Å—Ç–≤–∞ –Ω–∞–¥ –∏–Ω—Ñ–æ—Ä–º–∞—Ü–∏–µ–π. –í–∞–∂–Ω–æ –ø–æ–Ω–∏–º–∞—Ç—å, —á—Ç–æ —ç—Ç–æ –º–æ–∂–µ—Ç –∑–∞—Ç—Ä–æ–Ω—É—Ç—å –Ω–∞—Å –≤—Å–µ—Ö: –º–Ω–æ–≥–∏–µ –º–µ–∂–¥—É–Ω–∞—Ä–æ–¥–Ω—ã–µ –∫–æ–º–ø–∞–Ω–∏–∏ —Ä–∞–±–æ—Ç–∞—é—Ç –≤ –ö–∏—Ç–∞–µ, –∏ —Ç–µ–ø–µ—Ä—å –∏–º –ø—Ä–∏–¥–µ—Ç—Å—è —Å–æ–±–ª—é–¥–∞—Ç—å —ç—Ç–∏ –Ω–æ–≤—ã–µ –ø—Ä–∞–≤–∏–ª–∞. –í–æ–∑–º–æ–∂–Ω–æ, —ç—Ç–æ –∏–∑–º–µ–Ω–∏—Ç —Å–ø–æ—Å–æ–±, –∫–æ—Ç–æ—Ä—ã–º –æ–Ω–∏ –æ–±—Ä–∞—â–∞—é—Ç—Å—è —Å –¥–∞–Ω–Ω—ã–º–∏ –≤–æ –≤—Å–µ–º –º–∏—Ä–µ.

**–í –†–æ—Å—Å–∏–∏ –ø"
2025-05-07 21:31:42,7835749556,"–°–®–ê —Å—á–∏—Ç–∞—é—Ç –∞–±—Å—É—Ä–¥–Ω—ã–º —Ç–æ—Ç —Ñ–∞–∫—Ç, —á—Ç–æ –†–§ –∏ –£–∫—Ä–∞–∏–Ω–∞ –¥–æ —Å–∏—Ö –ø–æ—Ä –Ω–µ –æ–±—Å—É–∂–¥–∞—é—Ç –ø—É—Ç–∏ –∑–∞–≤–µ—Ä—à–µ–Ω–∏—è —Ç–µ–∫—É—â–µ–≥–æ –∫–æ–Ω—Ñ–ª–∏–∫—Ç–∞, –∑–∞—è–≤–∏–ª –≤–∏—Ü–µ-–ø—Ä–µ–∑–∏–¥–µ–Ω—Ç –í—ç–Ω—Å.","–°—É—Ç—å –Ω–æ–≤–æ—Å—Ç–∏: –í–∏—Ü–µ-–ø—Ä–µ–∑–∏–¥–µ–Ω—Ç –°–®–ê –í—ç–Ω—Å –∑–∞—è–≤–∏–ª –æ –Ω–µ–ø–æ–Ω–∏–º–∞–Ω–∏–∏ –ø—Ä–∏—á–∏–Ω, –ø–æ –∫–æ—Ç–æ—Ä—ã–º –†–æ—Å—Å–∏—è –∏ –£–∫—Ä–∞–∏–Ω–∞ –¥–æ —Å–∏—Ö –ø–æ—Ä –Ω–µ –Ω–∞—à–ª–∏ –ø—É—Ç–∏ –∑–∞–≤–µ—Ä—à–µ–Ω–∏—è –∫–æ–Ω—Ñ–ª–∏–∫—Ç–∞.

–ú–æ–π –∫–æ–º–º–µ–Ω—Ç–∞—Ä–∏–π:
–≠—Ç–æ –∑–∞–º–µ—á–∞–Ω–∏–µ –≤–∏—Ü–µ-–ø—Ä–µ–∑–∏–¥–µ–Ω—Ç–∞ –í—ç–Ω—Å–∞, –Ω–µ—Å–æ–º–Ω–µ–Ω–Ω–æ, –æ—Ç—Ä–∞–∂–∞–µ—Ç –æ–±—â–µ–µ –Ω–µ–¥–æ—É–º–µ–Ω–∏–µ –º–µ–∂–¥—É–Ω–∞—Ä–æ–¥–Ω–æ–≥–æ —Å–æ–æ–±—â–µ—Å—Ç–≤–∞ –æ—Ç–Ω–æ—Å–∏—Ç–µ–ª—å–Ω–æ —Å—Ç–∞—Ç—É—Å-–∫–≤–æ –≤ –æ—Ç–Ω–æ—à–µ–Ω–∏—è—Ö –º–µ–∂–¥—É –†–æ—Å—Å–∏–µ–π –∏ –£–∫—Ä–∞–∏–Ω–æ–π. –û–¥–Ω–∞–∫–æ, —Å—Ç–æ–∏—Ç –æ—Ç–º–µ—Ç–∏—Ç—å, —á—Ç–æ –≤—Å—è —Å–∏—Ç—É–∞—Ü–∏—è —Å–µ–π—á–∞—Å –Ω–∞–ø–æ–º–∏–Ω–∞–µ—Ç —à–∞—Ö–º–∞—Ç–Ω—É—é –ø–∞—Ä—Ç–∏—é, –≥–¥–µ –∫–∞–∂–¥—ã–π –∏–∑ —É—á–∞—Å—Ç–Ω–∏–∫–æ–≤ –∂–¥—ë—Ç –Ω–µ–æ–ø—Ä–∞–≤–¥–∞–Ω–Ω–æ –¥–æ–ª–≥–æ, —Ä–∞—Å—Å—á–∏—Ç—ã–≤–∞—è –Ω–∞ –æ—à–∏–±–∫—É —Å–æ–ø–µ—Ä–Ω–∏–∫–∞. –í–æ–∑–º–æ–∂–Ω–æ, –í—ç–Ω—Å —Ö–æ—Ç–µ–ª –±—ã —É–≤–∏–¥–µ—Ç—å –±–æ–ª—å—à–µ –∞–∫—Ç–∏–≤–Ω–æ—Å—Ç–∏ –æ—Ç —Å—Ç–æ—Ä–æ–Ω—ã –†–æ—Å—Å–∏–∏ –∏ –£–∫—Ä–∞–∏–Ω—ã, –Ω–æ –ø–æ–ª–∏—Ç–∏–∫–∞ ‚Äì —ç—Ç–æ –∏—Å–∫—É—Å—Å—Ç–≤–æ –≤–æ–∑–º–æ–∂–Ω–æ–≥–æ, –≥–¥–µ –∫–∞–∂–¥–æ–µ —Ä–µ—à–µ–Ω–∏–µ –≤–∑–≤–µ—à–∏–≤–∞–µ—Ç—Å—è –∏ –∞–Ω–∞–ª–∏–∑–∏—Ä—É–µ—Ç—Å—è. –í–ø–æ–ª–Ω–µ –≤–µ—Ä–æ—è—Ç–Ω–æ, —á—Ç–æ –∏–º–µ–Ω–Ω–æ —ç—Ç–∞ –æ—Å—Ç–æ—Ä–æ–∂–Ω–æ—Å—Ç—å –∏ –≤—ã–∑—ã–≤–∞–µ—Ç –Ω–µ–ø–æ–Ω–∏–º–∞–Ω–∏–µ —Å–æ —Å—Ç–æ—Ä–æ–Ω—ã –°–®–ê."
2025-05-07 21:34:33,7835749556,"–°–®–ê —Å—á–∏—Ç–∞—é—Ç –∞–±—Å—É—Ä–¥–Ω—ã–º —Ç–æ—Ç —Ñ–∞–∫—Ç, —á—Ç–æ –†–§ –∏ –£–∫—Ä–∞–∏–Ω–∞ –¥–æ —Å–∏—Ö –ø–æ—Ä –Ω–µ –æ–±—Å—É–∂–¥–∞—é—Ç –ø—É—Ç–∏ –∑–∞–≤–µ—Ä—à–µ–Ω–∏—è —Ç–µ–∫—É—â–µ–≥–æ –∫–æ–Ω—Ñ–ª–∏–∫—Ç–∞, –∑–∞—è–≤–∏–ª –≤–∏—Ü–µ-–ø—Ä–µ–∑–∏–¥–µ–Ω—Ç –í—ç–Ω—Å.","**‚ùóÔ∏è–°–®–ê –æ—Å—É–∂–¥–∞—é—Ç –æ—Ç—Å—É—Ç—Å—Ç–≤–∏–µ –ø–µ—Ä–µ–≥–æ–≤–æ—Ä–æ–≤ –º–µ–∂–¥—É –†–§ –∏ –£–∫—Ä–∞–∏–Ω–æ–π –æ –∫–æ–Ω—Ü–µ –∫–æ–Ω—Ñ–ª–∏–∫—Ç–∞**

–ú–æ–π –∫–æ–º–º–µ–Ω—Ç–∞—Ä–∏–π:
–ù—É –Ω–µ—Å–∫–æ–ª—å–∫–æ —Å—Ç—Ä–∞–Ω–Ω–æ, –∫–æ–≥–¥–∞ —Ç—ã —Å–∏–¥–∏—à—å —á–µ—Ä–µ–∑ –æ–∫–µ–∞–Ω –∏ —Ä–∞—Å—Å—É–∂–¥–∞–µ—à—å, —á—Ç–æ –¥–≤–µ —Å—Ç—Ä–∞–Ω—ã –¥–æ–ª–∂–Ω—ã —Ä–µ—à–∞—Ç—å —Å–≤–æ–∏ –ø—Ä–æ–±–ª–µ–º—ã. –ü–æ–Ω—è—Ç–Ω–æ–µ –¥–µ–ª–æ, —á—Ç–æ —Å–∏—Ç—É–∞—Ü–∏—è –º–µ–∂–¥—É –†–æ—Å—Å–∏–µ–π –∏ –£–∫—Ä–∞–∏–Ω–æ–π –Ω–µ–ø—Ä–æ—Å—Ç–∞—è, –Ω–æ —è–≤–Ω–æ –Ω–µ –í—ç–Ω—Å—É, —Å–∏–¥—è—â–µ–º—É –≤ —Å–≤–æ–µ–º –∫–∞–±–∏–Ω–µ—Ç–µ –≤ –í–∞—à–∏–Ω–≥—Ç–æ–Ω–µ, —Ä–µ—à–∞—Ç—å, –∫–∞–∫ –∏—Ö —Ä–∞–∑—Ä–µ—à–∞—Ç—å. –í–º–µ—Å—Ç–æ —Ç–æ–≥–æ —á—Ç–æ–±—ã –∫—Ä–∏—Ç–∏–∫–æ–≤–∞—Ç—å, –º–æ–∂–µ—Ç –±—ã—Ç—å, –°–®–ê —Å—Ç–æ–∏—Ç –ø—Ä–µ–¥–ª–æ–∂–∏—Ç—å —Å–≤–æ—é –ø–æ–º–æ—â—å –≤ —Ä–µ—à–µ–Ω–∏–∏ –∫–æ–Ω—Ñ–ª–∏–∫—Ç–∞, –∞ –Ω–µ –ø—Ä–æ—Å—Ç–æ —Å–º–æ—Ç—Ä–µ—Ç—å —Å–æ —Å—Ç–æ—Ä–æ–Ω—ã –∏ –¥–µ–ª–∞—Ç—å –∑–∞—è–≤–ª–µ–Ω–∏—è?"
2025-05-07 21:36:40,7835749556,"–°–®–ê —Å—á–∏—Ç–∞—é—Ç –∞–±—Å—É—Ä–¥–Ω—ã–º —Ç–æ—Ç —Ñ–∞–∫—Ç, —á—Ç–æ –†–§ –∏ –£–∫—Ä–∞–∏–Ω–∞ –¥–æ —Å–∏—Ö –ø–æ—Ä –Ω–µ –æ–±—Å—É–∂–¥–∞—é—Ç –ø—É—Ç–∏ –∑–∞–≤–µ—Ä—à–µ–Ω–∏—è —Ç–µ–∫—É—â–µ–≥–æ –∫–æ–Ω—Ñ–ª–∏–∫—Ç–∞, –∑–∞—è–≤–∏–ª –≤–∏—Ü–µ-–ø—Ä–µ–∑–∏–¥–µ–Ω—Ç –í—ç–Ω—Å.","**‚ùóÔ∏è–°–®–ê —Å—á–∏—Ç–∞—é—Ç –∞–±—Å—É—Ä–¥–Ω—ã–º –æ—Ç—Å—É—Ç—Å—Ç–≤–∏–µ –æ–±—Å—É–∂–¥–µ–Ω–∏–π –º–µ–∂–¥—É –†–§ –∏ –£–∫—Ä–∞–∏–Ω–æ–π –ø–æ –≤–æ–ø—Ä–æ—Å—É –∫–æ–Ω—Ñ–ª–∏–∫—Ç–∞**

–ú–æ–π –∫–æ–º–º–µ–Ω—Ç–∞—Ä–∏–π:
–ù—É —á—Ç–æ –∂, –∞–º–µ—Ä–∏–∫–∞–Ω—Ü—ã, —Å–Ω–æ–≤–∞ —É–¥–∏–≤–ª–µ–Ω—ã? –ö–∞–∫ –≤—Å–µ–≥–¥–∞, –æ–Ω–∏ –Ω–µ –ø–æ–Ω–∏–º–∞—é—Ç, –ø–æ—á–µ–º—É –†–æ—Å—Å–∏—è –∏ –£–∫—Ä–∞–∏–Ω–∞ –Ω–µ —Å–∏–¥—è—Ç –∏ –Ω–µ —Ä–µ—à–∞—é—Ç —Å–≤–æ–∏ –ø—Ä–æ–±–ª–µ–º—ã, –∫–∞–∫ –≤–∑—Ä–æ—Å–ª—ã–µ. –ù–æ, –∫–æ–Ω–µ—á–Ω–æ, –≤—Å–µ –Ω–µ —Ç–∞–∫ –ø—Ä–æ—Å—Ç–æ. –í–µ–¥—å –≤ —ç—Ç–æ–π ""–ø–µ—Å–æ—á–Ω–∏—Ü–µ"" –µ—Å—Ç—å –∏ —Ç—Ä–µ—Ç–∏–π ""–º–∞–ª—ã—à"" - –°–®–ê, –∫–æ—Ç–æ—Ä—ã–π –ª—é–±–∏—Ç –ø–æ–∫—Ä—É—Ç–∏—Ç—å —Å—é–∂–µ—Ç—ã. –¢–∞–∫ —á—Ç–æ, —Ä–µ–±—è—Ç–∞, –º–æ–∂–µ—Ç –±—ã—Ç—å, —Å—Ç–æ–∏—Ç –Ω–∞—á–∞—Ç—å —Å —Å–µ–±—è?"
2025-05-07 21:38:55,7835749556,"–°–®–ê —Å—á–∏—Ç–∞—é—Ç –∞–±—Å—É—Ä–¥–Ω—ã–º —Ç–æ—Ç —Ñ–∞–∫—Ç, —á—Ç–æ –†–§ –∏ –£–∫—Ä–∞–∏–Ω–∞ –¥–æ —Å–∏—Ö –ø–æ—Ä –Ω–µ –æ–±—Å—É–∂–¥–∞—é—Ç –ø—É—Ç–∏ –∑–∞–≤–µ—Ä—à–µ–Ω–∏—è —Ç–µ–∫—É—â–µ–≥–æ –∫–æ–Ω—Ñ–ª–∏–∫—Ç–∞, –∑–∞—è–≤–∏–ª –≤–∏—Ü–µ-–ø—Ä–µ–∑–∏–¥–µ–Ω—Ç –í—ç–Ω—Å.","**‚ùóÔ∏è–°–®–ê —É–¥–∏–≤–ª–µ–Ω—ã –æ—Ç—Å—É—Ç—Å—Ç–≤–∏–µ–º –ø—Ä–æ–≥—Ä–µ—Å—Å–∞ –≤ –ø–µ—Ä–µ–≥–æ–≤–æ—Ä–∞—Ö –º–µ–∂–¥—É –†–§ –∏ –£–∫—Ä–∞–∏–Ω–æ–π**

–ú–æ–π –∫–æ–º–º–µ–Ω—Ç–∞—Ä–∏–π:
–ù—É —á—Ç–æ —Ç—É—Ç —Å–∫–∞–∂–µ—à—å, –¥—Ä—É–∑—å—è, –Ω–µ –∫–∞–∂–¥—ã–π –¥–µ–Ω—å —É—Å–ª—ã—à–∏—à—å —á—Ç–æ-—Ç–æ –Ω–æ–≤–æ–µ –æ—Ç –ø–æ–ª–∏—Ç–∏–∫–æ–≤. –ê–º–µ—Ä–∏–∫–∞–Ω—Ü—ã —Ä–µ—à–∏–ª–∏, —á—Ç–æ –†–æ—Å—Å–∏—è –∏ –£–∫—Ä–∞–∏–Ω–∞ –∑–∞–¥–µ—Ä–∂–∏–≤–∞—é—Ç—Å—è —Å —Ä–∞–∑—Ä–µ—à–µ–Ω–∏–µ–º —Å–≤–æ–µ–≥–æ –∫–æ–Ω—Ñ–ª–∏–∫—Ç–∞. –ù–µ –∏—Å–∫–ª—é—á–µ–Ω–æ, —á—Ç–æ –∏—Ö –ø—Ä–æ—Å—Ç–æ –∑–∞–¥–µ–≤–∞–µ—Ç, —á—Ç–æ –æ–Ω–∏ –Ω–µ –∫–æ–Ω—Ç—Ä–æ–ª–∏—Ä—É—é—Ç —ç—Ç–æ—Ç –ø—Ä–æ—Ü–µ—Å—Å. –†–∞–∑—É–º–µ–µ—Ç—Å—è, –∫–∞–∂–¥—ã–π —Ö–æ—á–µ—Ç, —á—Ç–æ–±—ã –∫–æ–Ω—Ñ–ª–∏–∫—Ç –∑–∞–≤–µ—Ä—à–∏–ª—Å—è –∫–∞–∫ –º–æ–∂–Ω–æ —Å–∫–æ—Ä–µ–µ, –Ω–æ –Ω–µ –≤—Å–µ –∂–µ —Ç–∞–∫ –ø—Ä–æ—Å—Ç–æ, –ø—Ä–∞–≤–¥–∞? –í –æ–±—â–µ–º, –ø–æ–∫–∞ —á—Ç–æ –±–æ–ª—å—à–µ –≤–æ–ø—Ä–æ—Å–æ–≤, —á–µ–º –æ—Ç–≤–µ—Ç–æ–≤."
2025-05-07 21:42:25,7835749556,"–°–®–ê —Å—á–∏—Ç–∞—é—Ç –∞–±—Å—É—Ä–¥–Ω—ã–º —Ç–æ—Ç —Ñ–∞–∫—Ç, —á—Ç–æ –†–§ –∏ –£–∫—Ä–∞–∏–Ω–∞ –¥–æ —Å–∏—Ö –ø–æ—Ä –Ω–µ –æ–±—Å—É–∂–¥–∞—é—Ç –ø—É—Ç–∏ –∑–∞–≤–µ—Ä—à–µ–Ω–∏—è —Ç–µ–∫—É—â–µ–≥–æ –∫–æ–Ω—Ñ–ª–∏–∫—Ç–∞, –∑–∞—è–≤–∏–ª –≤–∏—Ü–µ-–ø—Ä–µ–∑–∏–¥–µ–Ω—Ç –í—ç–Ω—Å.","**üí¨ –í–∏—Ü–µ-–ø—Ä–µ–∑–∏–¥–µ–Ω—Ç –°–®–ê –Ω–µ–¥–æ—É–º–µ–≤–∞–µ—Ç, –ø–æ—á–µ–º—É –†–æ—Å—Å–∏—è –∏ –£–∫—Ä–∞–∏–Ω–∞ –Ω–µ –æ–±—Å—É–∂–¥–∞—é—Ç –∑–∞–≤–µ—Ä—à–µ–Ω–∏–µ –∫–æ–Ω—Ñ–ª–∏–∫—Ç–∞.**

**‚ùóÔ∏è–ú–æ–π –∫–æ–º–º–µ–Ω—Ç–∞—Ä–∏–π:**
–ê–±—Å—É—Ä–¥, –¥–µ–π—Å—Ç–≤–∏—Ç–µ–ª—å–Ω–æ. –ù–æ —Ä–∞–∑–≤–µ –Ω–µ —Ç–∞–∫ –≤—Å–µ–≥–¥–∞? –ë–æ–ª—å—à–æ–π –ø–æ–ª–∏—Ç–∏–∫–µ —Å–≤–æ–π—Å—Ç–≤–µ–Ω–Ω–æ —Ç—è–Ω—É—Ç—å –≤—Ä–µ–º—è, –∏–≥—Ä–∞—Ç—å –≤ ""—Ç—è–∂—ë–ª—ã—Ö"" –∏ –∏—Å–ø–æ–ª—å–∑–æ–≤–∞—Ç—å –∫–æ–Ω—Ñ–ª–∏–∫—Ç—ã –≤ —Å–≤–æ–∏—Ö –∏–Ω—Ç–µ—Ä–µ—Å–∞—Ö. –ê –º—ã, –æ–±—ã—á–Ω—ã–µ –ª—é–¥–∏, —Ç–æ–ª—å–∫–æ –∏ –º–æ–∂–µ–º, —á—Ç–æ –Ω–µ–¥–æ—É–º–µ–≤–∞—Ç—å –≤–º–µ—Å—Ç–µ —Å –≤–∏—Ü–µ-–ø—Ä–µ–∑–∏–¥–µ–Ω—Ç–æ–º –°–®–ê. –ù–æ, –º–æ–∂–µ—Ç, —Å—Ç–æ–∏—Ç –ø—Ä–æ—Å—Ç–æ –Ω–∞—á–∞—Ç—å —Å –º–∞–ª–æ–≥–æ ‚Äì —Å –¥–∏–∞–ª–æ–≥–∞, –≤–º–µ—Å—Ç–æ –≤–æ–π–Ω—ã —Å–ª–æ–≤ –∏ —Ä–µ–∞–ª—å–Ω—ã—Ö –±–æ–µ–≤—ã—Ö –¥–µ–π—Å—Ç–≤–∏–π?"
2025-05-07 21:52:06,7835749556,"–°–®–ê —Å—á–∏—Ç–∞—é—Ç –∞–±—Å—É—Ä–¥–Ω—ã–º —Ç–æ—Ç —Ñ–∞–∫—Ç, —á—Ç–æ –†–§ –∏ –£–∫—Ä–∞–∏–Ω–∞ –¥–æ —Å–∏—Ö –ø–æ—Ä –Ω–µ –æ–±—Å—É–∂–¥–∞—é—Ç –ø—É—Ç–∏ –∑–∞–≤–µ—Ä—à–µ–Ω–∏—è —Ç–µ–∫—É—â–µ–≥–æ –∫–æ–Ω—Ñ–ª–∏–∫—Ç–∞, –∑–∞—è–≤–∏–ª –≤–∏—Ü–µ-–ø—Ä–µ–∑–∏–¥–µ–Ω—Ç –í—ç–Ω—Å.","**‚ùóÔ∏è–°–®–ê –≤–æ–∑–º—É—â–µ–Ω—ã –Ω–µ—Ä–µ—à–µ–Ω–Ω–æ—Å—Ç—å—é –∫–æ–Ω—Ñ–ª–∏–∫—Ç–∞ –º–µ–∂–¥—É –†–§ –∏ –£–∫—Ä–∞–∏–Ω–æ–πüí•**

**‚ùóÔ∏è–ú–æ–π –∫–æ–º–º–µ–Ω—Ç–∞—Ä–∏–π:**

–ù—É —á—Ç–æ –∂, –∞–º–µ—Ä–∏–∫–∞–Ω—Ü—ã –Ω–µ –º–æ–≥—É—Ç –ø–æ–Ω—è—Ç—å, –ø–æ—á–µ–º—É –º—ã –¥–æ —Å–∏—Ö –ø–æ—Ä –Ω–µ –∑–∞–∫–æ–Ω—á–∏–ª–∏ —ç—Ç–æ—Ç –±–µ—Å–∫–æ–Ω–µ—á–Ω—ã–π —Å–ø–æ—Ä. –ß–µ—Å—Ç–Ω–æ –≥–æ–≤–æ—Ä—è, —è —Ç–æ–∂–µ. –ù–æ –≤–µ–¥—å –≤—Å—ë –Ω–µ —Ç–∞–∫ –ø—Ä–æ—Å—Ç–æ, –∫–∞–∫ –∫–∞–∂–µ—Ç—Å—è —Å –¥—Ä—É–≥–æ–π —Å—Ç–æ—Ä–æ–Ω—ã –æ–∫–µ–∞–Ω–∞. –ö–∞–∂–µ—Ç—Å—è, –≤–∏—Ü–µ-–ø—Ä–µ–∑–∏–¥–µ–Ω—Ç –í—ç–Ω—Å –ø—Ä–æ—Å—Ç–æ —Ö–æ—á–µ—Ç –ø–æ—Å–∫–æ—Ä–µ–µ –æ—Ç–º–µ—Ç–∏—Ç—å –≤ —Å–≤–æ–µ–º –∞–∫—Ç–∏–≤–µ ""—Ä–µ—à–µ–Ω–Ω—ã–π –∫–æ–Ω—Ñ–ª–∏–∫—Ç"". –ù–æ —Ä–µ–±—è—Ç–∞, —ç—Ç–æ –∂–µ –Ω–µ –ø–∏–∫–Ω–∏–∫, –∞ —Ä–µ–∞–ª—å–Ω—ã–µ –ª—é–¥–∏ –∏ –∏—Ö –∂–∏–∑–Ω–∏."
2025-05-07 21:54:41,7835749556,"¬´–°–∏–ª–∞–º–∏ –ü–í–û –ú–∏–Ω–æ–±–æ—Ä–æ–Ω—ã –æ—Ç—Ä–∞–∂–µ–Ω–∞ –∞—Ç–∞–∫–∞ –¥–≤—É—Ö –æ—á–µ—Ä–µ–¥–Ω—ã—Ö —É–∫—Ä–∞–∏–Ω—Å–∫–∏—Ö –±–µ—Å–ø–∏–ª–æ—Ç–Ω–∏–∫–æ–≤, –ª–µ—Ç–µ–≤—à–∏—Ö –Ω–∞ –ú–æ—Å–∫–≤—É, –Ω–∞ –º–µ—Å—Ç–µ –ø–∞–¥–µ–Ω–∏—è –æ–±–ª–æ–º–∫–æ–≤ —Ä–∞–±–æ—Ç–∞—é—Ç —Å–ø–µ—Ü–∏–∞–ª–∏—Å—Ç—ã —ç–∫—Å—Ç—Ä–µ–Ω–Ω—ã—Ö —Å–ª—É–∂–±¬ª, ‚Äî –∑–∞—è–≤–∏–ª –º—ç—Ä –ú–æ—Å–∫–≤—ã –°–µ—Ä–≥–µ–π –°–æ–±—è–Ω–∏–Ω.

–†–∞–Ω–µ–µ –†–æ—Å–∞–≤–∏–∞—Ü–∏—è —Å–æ–æ–±—â–∏–ª–∞, —á—Ç–æ –≤—Ä–µ–º–µ–Ω–Ω—ã–µ –æ–≥—Ä–∞–Ω–∏—á–µ–Ω–∏—è¬†–Ω–∞ –ø—Ä–∏–µ–º –∏ –≤—ã–ø—É—Å–∫ –≤–æ–∑–¥—É—à–Ω—ã—Ö —Å—É–¥–æ–≤ —Å 19:15¬†–ú–°–ö –≤–≤–µ–¥–µ–Ω—ã –≤ –∞—ç—Ä–æ–ø–æ—Ä—Ç—É –î–æ–º–æ–¥–µ–¥–æ–≤–æ. 

UPD: –í –î–æ–º–æ–¥–µ–¥–æ–≤–æ –æ—Ç–º–µ–Ω–µ–Ω—ã –æ–≥—Ä–∞–Ω–∏—á–µ–Ω–∏—è –Ω–∞ –ø—Ä–∏–µ–º –∏ –≤—ã–ø—É—Å–∫ –≤–æ–∑–¥—É—à–Ω—ã—Ö —Å—É–¥–æ–≤.

‚ùó –ü–æ–¥–ø–∏—Å—ã–≤–∞–π—Ç–µ—Å—å, —ç—Ç–æ Baza","**‚ùóÔ∏è–û—Ç—Ä–∞–∂–µ–Ω–∞ –∞—Ç–∞–∫–∞ —É–∫—Ä–∞–∏–Ω—Å–∫–∏—Ö –±–µ—Å–ø–∏–ª–æ—Ç–Ω–∏–∫–æ–≤ –Ω–∞ –ú–æ—Å–∫–≤—É, –≤—Ä–µ–º–µ–Ω–Ω—ã–µ –æ–≥—Ä–∞–Ω–∏—á–µ–Ω–∏—è –≤ –∞—ç—Ä–æ–ø–æ—Ä—Ç—É –î–æ–º–æ–¥–µ–¥–æ–≤–æ –æ—Ç–º–µ–Ω–µ–Ω—ã.**

**‚ùóÔ∏è–ú–æ–π –∫–æ–º–º–µ–Ω—Ç–∞—Ä–∏–π:**

–ù—É —á—Ç–æ, –¥—Ä—É–∑—å—è, –≤–æ—Ç –∏ –¥–æ –Ω–∞—Å –¥–æ–∫–∞—Ç–∏–ª–æ—Å—å. –£–∫—Ä–∞–∏–Ω—Ü—ã —Ä–µ—à–∏–ª–∏ –ø–æ–∏–≥—Ä–∞—Ç—å –≤ ""–≤–æ–π–Ω—É—à–∫—É"" —Å –±–µ—Å–ø–∏–ª–æ—Ç–Ω–∏–∫–∞–º–∏. –°–ª–∞–≤–∞ –±–æ–≥—É, –Ω–∞—à–∏ —Å–∏–ª—ã –ü–í–û –Ω–µ —Å–ø–∞–ª–∏ –∏ —É—Å–ø–µ–ª–∏ –æ—Ç—Ä–∞–∑–∏—Ç—å –∞—Ç–∞–∫—É. –ò–Ω—Ç–µ—Ä–µ—Å–Ω–æ, –Ω–∞ —á—Ç–æ –æ–Ω–∏ —Ä–∞—Å—Å—á–∏—Ç—ã–≤–∞–ª–∏? –ù–∞ —Ç–æ, —á—Ç–æ –º—ã —Å–ø–æ–∫–æ–π–Ω–æ –±—É–¥–µ–º —Å–º–æ—Ç—Ä–µ—Ç—å, –∫–∞–∫ –æ–Ω–∏ –Ω–∞ –Ω–∞—Å –Ω–∞–ø–∞–¥–∞—é—Ç? –ò, –∫—Å—Ç–∞—Ç–∏, –≤ –î–æ–º–æ–¥–µ–¥–æ–≤–æ —É–∂–µ —Å–Ω—è–ª–∏ –æ–≥—Ä–∞–Ω–∏—á–µ–Ω–∏—è –Ω–∞ –ø—Ä–∏–µ–º –∏ –≤—ã–ø—É—Å–∫ –≤–æ–∑–¥—É—à–Ω—ã—Ö —Å—É–¥–æ–≤. –í –æ–±—â–µ–º, –¥—Ä—É–∑—å—è, –±—É–¥–µ–º –Ω–∞–¥–µ—è—Ç—å—Å—è, —á—Ç–æ —É–∫—Ä–∞–∏–Ω—Ü—ã —É—Å–ø–æ–∫–æ—è—Ç—Å—è –∏ –ø–µ—Ä–µ—Å—Ç–∞–Ω—É—Ç –∏–≥—Ä–∞—Ç—å –≤ —ç—Ç–∏ —Å–≤–æ–∏ –∏–≥—Ä—ã. –ò–ª–∏ –ø–æ –∫—Ä–∞–π–Ω–µ–π –º–µ—Ä–µ –±—É–¥—É—Ç –∏–≥—Ä–∞—Ç—å –Ω–µ —É –Ω–∞—Å –Ω–∞ –∑–∞–¥–Ω–µ–º –¥–≤–æ—Ä–µ."
2025-05-07 21:56:35,7835749556,"–í –í–∞—Ç–∏–∫–∞–Ω–µ –Ω–∞—á–∞–ª—Å—è –ö–æ–Ω–∫–ª–∞–≤ ‚Äî –≤—ã–±–æ—Ä—ã –Ω–æ–≤–æ–≥–æ –ü–∞–ø—ã –†–∏–º—Å–∫–æ–≥–æ.

–û—Ç–µ—Ü –†–∞—Ñ–∞—ç–ª—å –ö–∞–ø–æ —Ç–æ—Ä–∂–µ—Å—Ç–≤–µ–Ω–Ω–æ –∑–∞–∫—Ä—ã–ª –¥–≤–µ—Ä–∏ –°–∏–∫—Å—Ç–∏–Ω—Å–∫–æ–π –∫–∞–ø–µ–ª–ª—ã —Å–æ —Å–ª–æ–≤–∞–º–∏ ¬´EXTRA OMNES¬ª, —á—Ç–æ –≤ –ø–µ—Ä–µ–≤–æ–¥–µ —Å –ª–∞—Ç—ã–Ω–∏ –∑–Ω–∞—á–∏—Ç –±—É–∫–≤–∞–ª—å–Ω–æ ¬´–≤—Å–µ –≤–æ–Ω¬ª. –ü–µ—Ä–µ–¥ –∑–∞—Å–µ–¥–∞–Ω–∏–µ–º –∏–∑ –∑–∞–ª–∞ —É–¥–∞–ª—è—é—Ç—Å—è –≤—Å–µ –ø–æ—Å—Ç–æ—Ä–æ–Ω–Ω–∏–µ. –ü–∞–ø—Å–∫–∏–π –∫–æ–Ω–∫–ª–∞–≤ –æ—Ñ–∏—Ü–∏–∞–ª—å–Ω–æ –Ω–∞—á–∞—Ç. –ù–∞ –Ω—ë–º –∫–∞—Ä–¥–∏–Ω–∞–ª—ã –≤—ã–±–µ—Ä—É—Ç –Ω–æ–≤–æ–≥–æ –ø–æ–Ω—Ç–∏—Ñ–∏–∫–∞.

–ü–æ—Å–ª–µ –∫–∞–∂–¥–æ–≥–æ —Ä–∞—É–Ω–¥–∞ –≥–æ–ª–æ—Å–æ–≤–∞–Ω–∏—è –∫–∞—Ä–¥–∏–Ω–∞–ª—ã —Å–∂–∏–≥–∞—é—Ç –±—é–ª–ª–µ—Ç–µ–Ω–∏. –ï—Å–ª–∏ –≤—ã–±–æ—Ä—ã –ø—Ä–æ–π–¥—É—Ç —É—Å–ø–µ—à–Ω–æ, —Ç–æ –∏–∑ —Ç—Ä—É–±—ã –Ω–∞–¥ –∫–∞–ø–µ–ª–ª–æ–π –ø–æ–π–¥–µ—Ç –¥—ã–º –±–µ–ª–æ–≥–æ —Ü–≤–µ—Ç–∞, –µ—Å–ª–∏ –∂–µ –ø–∞–ø—É –≤—ã–±—Ä–∞—Ç—å –Ω–µ —É–¥–∞—Å—Ç—Å—è, —Ç–æ –¥—ã–º –±—É–¥–µ—Ç —á–µ—Ä–Ω—ã–º.","**‚ùóÔ∏è–í –í–∞—Ç–∏–∫–∞–Ω–µ –Ω–∞—á–∞–ª–∏—Å—å –≤—ã–±–æ—Ä—ã –Ω–æ–≤–æ–≥–æ –ü–∞–ø—ã –†–∏–º—Å–∫–æ–≥–æüïç**

**‚ùóÔ∏è–ú–æ–π –∫–æ–º–º–µ–Ω—Ç–∞—Ä–∏–π:**
–ê –≤–æ—Ç –∏ —Å–µ—Ä—å–µ–∑–Ω–æ–µ —Å–æ–±—ã—Ç–∏–µ –≤ –º–∏—Ä–µ —Ä–µ–ª–∏–≥–∏–∏! –ù–∞—á–∞–ª—Å—è –ø–∞–ø—Å–∫–∏–π –∫–æ–Ω–∫–ª–∞–≤, –≥–¥–µ –∫–∞—Ä–¥–∏–Ω–∞–ª—ã –≤—ã–±–∏—Ä–∞—é—Ç –Ω–æ–≤–æ–≥–æ –ø–æ–Ω—Ç–∏—Ñ–∏–∫–∞. –°—Ç–æ–∏—Ç –æ—Ç–º–µ—Ç–∏—Ç—å, —á—Ç–æ –ø—Ä–æ—Ü–µ—Å—Å –¥–æ–≤–æ–ª—å–Ω–æ –Ω–µ–æ–±—ã—á–Ω—ã–π: –µ—Å–ª–∏ –≤—ã–±–æ—Ä—ã —É—Å–ø–µ—à–Ω—ã–µ, –Ω–∞–¥ –∫–∞–ø–µ–ª–ª–æ–π –ø–æ–¥–Ω–∏–º–µ—Ç—Å—è –±–µ–ª—ã–π –¥—ã–º, –µ—Å–ª–∏ –Ω–µ—Ç - —á–µ—Ä–Ω—ã–π. –í–æ—Ç —ç—Ç–æ —è –ø–æ–Ω–∏–º–∞—é, –¥—Ä–∞–º–∞—Ç–∏–∑–º! –û—Ç –≤—Å–µ–π –¥—É—à–∏ —Å–æ–±–æ–ª–µ–∑–Ω—É–µ–º —É—Ç—Ä–∞—Ç–µ –ø—Ä–æ—à–ª–æ–≥–æ –ø–∞–ø—ã –∏ –∂–¥–µ–º –Ω–æ–≤–æ–≥–æ."
2025-05-07 21:59:43,7835749556,–í –†–æ—Å—Å–∏–∏ –æ—Ç–º–µ—á–∞—é—Ç –î–µ–Ω—å –ü–æ–±–µ–¥—ã –≤–æ –≤—Ç–æ—Ä–æ–π –º–∏—Ä–æ–≤–æ–π –≤–æ–π–Ω–µ,"**üéñÔ∏è–†–æ—Å—Å–∏—è –æ—Ç–º–µ—á–∞–µ—Ç –î–µ–Ω—å –ü–æ–±–µ–¥—ã –≤–æ –í—Ç–æ—Ä–æ–π –º–∏—Ä–æ–≤–æ–π –≤–æ–π–Ω–µ**

**‚ùóÔ∏è–ú–æ–π –∫–æ–º–º–µ–Ω—Ç–∞—Ä–∏–π:**
–°–µ–≥–æ–¥–Ω—è –≤–∞–∂–Ω—ã–π –¥–µ–Ω—å –¥–ª—è –≤—Å–µ—Ö –Ω–∞—Å, –≤–µ–¥—å –º—ã –æ—Ç–º–µ—á–∞–µ–º –ø–∞–º—è—Ç—å –æ –≤–µ–ª–∏–∫–æ–º –ø–æ–¥–≤–∏–≥–µ –Ω–∞—à–∏—Ö –ø—Ä–µ–¥–∫–æ–≤. –ö–æ–Ω–µ—á–Ω–æ, –≤ –Ω–µ–∫–æ—Ç–æ—Ä—ã—Ö —Å—Ç—Ä–∞–Ω–∞—Ö —Å—É—â–µ—Å—Ç–≤—É—é—Ç —Ä–∞–∑–Ω–æ–æ–±—Ä–∞–∑–Ω—ã–µ –≤–∑–≥–ª—è–¥—ã –Ω–∞ —ç—Ç–æ—Ç –ø—Ä–∞–∑–¥–Ω–∏–∫, –Ω–æ –¥–ª—è –Ω–∞—Å –æ–Ω - —Å–≤—è—â–µ–Ω–Ω—ã–π. –≠—Ç–æ –Ω–µ –ø—Ä–æ—Å—Ç–æ –ø–∞—Ä–∞–¥—ã –∏ —Å–∞–ª—é—Ç—ã, —ç—Ç–æ –Ω–∞—à–∞ –∏—Å—Ç–æ—Ä–∏—è, –Ω–∞—à–µ —É–≤–∞–∂–µ–Ω–∏–µ –∫ —Ç–µ–º, –∫—Ç–æ –ø–æ–¥–∞—Ä–∏–ª –Ω–∞–º —Å–≤–æ–±–æ–¥—É. –ü—É—Å—Ç—å –Ω–∏–∫—Ç–æ –Ω–µ –∑–∞–±—ã–≤–∞–µ—Ç –æ–± —ç—Ç–æ–º. üëèüíñ"
2025-05-07 22:04:42,7835749556,–í –†–æ—Å—Å–∏–∏ –æ—Ç–º–µ—á–∞—é—Ç –î–µ–Ω—å –ü–æ–±–µ–¥—ã –≤–æ –≤—Ç–æ—Ä–æ–π –º–∏—Ä–æ–≤–æ–π –≤–æ–π–Ω–µ,"> **üéóÔ∏è–†–æ—Å—Å–∏—è –æ—Ç–º–µ—á–∞–µ—Ç –î–µ–Ω—å –ü–æ–±–µ–¥—ã**

> **‚ùóÔ∏è–ú–æ–π –∫–æ–º–º–µ–Ω—Ç–∞—Ä–∏–π:**

> –ù–µ –≤–∞–∂–Ω–æ, –∫–∞–∫–∏–µ –ø–æ–ª–∏—Ç–∏—á–µ—Å–∫–∏–µ –≤–µ—Ç—Ä—ã —Å–µ–π—á–∞—Å –¥—É—é—Ç, –î–µ–Ω—å –ü–æ–±–µ–¥—ã ‚Äî —ç—Ç–æ —Å–≤—è—Ç–æ–µ. –ë–∞–±—É—à–∫–∏ –∏ –¥–µ–¥—É—à–∫–∏ –æ—Ç—Å—Ç–æ—è–ª–∏ –Ω–∞—à—É —Å–≤–æ–±–æ–¥—É, –∏ —ç—Ç–æ –Ω–∏–∫–æ–≥–¥–∞ –Ω–µ –¥–æ–ª–∂–Ω–æ –±—ã—Ç—å –∑–∞–±—ã—Ç–æ. –ü—É—Å–∫–∞–π –∫–∞–∂–¥—ã–π, –∫—Ç–æ —Å–µ–≥–æ–¥–Ω—è –ø–æ–¥–Ω–∏–º–∞–µ—Ç –±–æ–∫–∞–ª, –ø–æ–º–Ω–∏—Ç –∑–∞ —á—Ç–æ –∏ –∑–∞ –∫–æ–≥–æ."
2025-05-07 22:08:56,7835749556,–í –†–æ—Å—Å–∏–∏ –æ—Ç–º–µ—á–∞—é—Ç –î–µ–Ω—å –ü–æ–±–µ–¥—ã –≤–æ –≤—Ç–æ—Ä–æ–π –º–∏—Ä–æ–≤–æ–π –≤–æ–π–Ω–µ,"‚Å†**üéñÔ∏è–†–æ—Å—Å–∏—è –æ—Ç–º–µ—á–∞–µ—Ç –î–µ–Ω—å –ü–æ–±–µ–¥—ã –≤ –í—Ç–æ—Ä–æ–π –º–∏—Ä–æ–≤–æ–π –≤–æ–π–Ω–µ**

‚Å†**‚ùóÔ∏è–ú–æ–π –∫–æ–º–º–µ–Ω—Ç–∞—Ä–∏–π:**

‚Å†–≠—Ç–æ—Ç –¥–µ–Ω—å –≤—Å–µ–≥–¥–∞ –±—É–¥–µ—Ç –æ—Å–æ–±–µ–Ω–Ω—ã–º –¥–ª—è –Ω–∞—Å. –í–µ–¥—å —ç—Ç–æ –Ω–µ –ø—Ä–æ—Å—Ç–æ –ø—Ä–∞–∑–¥–Ω–∏–∫, —ç—Ç–æ –ø–∞–º—è—Ç—å –æ —Ç–µ—Ö, –∫—Ç–æ –æ—Ç—Å—Ç–æ—è–ª –Ω–∞—à—É —Å–≤–æ–±–æ–¥—É, –Ω–∞—à—É –∂–∏–∑–Ω—å. –ü—Ä–∞–≤–¥–∞, —à–∫–æ–¥–∞, —á—Ç–æ –Ω–µ–∫–æ—Ç–æ—Ä—ã–µ –ª—é–¥–∏ –ø—Ä–æ–¥–æ–ª–∂–∞—é—Ç –∏—Å–∫–∞–∂–∞—Ç—å –∏—Å—Ç–æ—Ä–∏—é, –Ω–æ –º—ã –∑–Ω–∞–µ–º –ø—Ä–∞–≤–¥—É –∏ –±—É–¥–µ–º –µ—ë –ø–æ–º–Ω–∏—Ç—å."
2025-05-07 22:14:23,7835749556,–í –†–æ—Å—Å–∏–∏ –æ—Ç–º–µ—á–∞—é—Ç –î–µ–Ω—å –ü–æ–±–µ–¥—ã –≤–æ –≤—Ç–æ—Ä–æ–π –º–∏—Ä–æ–≤–æ–π –≤–æ–π–Ω–µ,"**üéñÔ∏è–†–æ—Å—Å–∏—è –æ—Ç–º–µ—á–∞–µ—Ç –î–µ–Ω—å –ü–æ–±–µ–¥—ã –≤ –í—Ç–æ—Ä–æ–π –º–∏—Ä–æ–≤–æ–π –≤–æ–π–Ω–µ****‚ùóÔ∏è–ú–æ–π –∫–æ–º–º–µ–Ω—Ç–∞—Ä–∏–π:**–ù–µ –º–æ–≥—É –Ω–µ –æ—Ç–º–µ—Ç–∏—Ç—å —ç—Ç—É –¥–∞—Ç—É. –î–µ–Ω—å –ü–æ–±–µ–¥—ã - —ç—Ç–æ –Ω–µ —Ç–æ–ª—å–∫–æ –ø–∞—Ä–∞–¥—ã –∏ —Å–∞–ª—é—Ç—ã, –Ω–æ –∏–≤—Ä–µ–º—è –ø–æ–º–Ω–∏—Ç—å —Ç–µ—Ö, –∫—Ç–æ –æ—Ç–¥–∞–ª –∂–∏–∑–Ω–∏ –∑–∞ –Ω–∞—à–µ –±—É–¥—É—â–µ–µ. –ü—É—Å—Ç—å –ø–æ–ª–∏—Ç–∏–∫–∏ –∏ —Å–æ–±—ã—Ç–∏—è–º–µ–Ω—è—é—Ç—Å—è, –Ω–æ –ø–∞–º—è—Ç—å –æ –≤–æ–π–Ω–µ –¥–æ–ª–∂–Ω–∞ –æ—Å—Ç–∞–≤–∞—Ç—å—Å—è —Å–≤—è—â–µ–Ω–Ω–æ–π."
2025-05-07 22:14:26,7835749556,–í –†–æ—Å—Å–∏–∏ –æ—Ç–º–µ—á–∞—é—Ç –î–µ–Ω—å –ü–æ–±–µ–¥—ã –≤–æ –≤—Ç–æ—Ä–æ–π –º–∏—Ä–æ–≤–æ–π –≤–æ–π–Ω–µ,"**üéñÔ∏è–†–æ—Å—Å–∏—è –æ—Ç–º–µ—á–∞–µ—Ç –î–µ–Ω—å –ü–æ–±–µ–¥—ã –≤ –í—Ç–æ—Ä–æ–π –º–∏—Ä–æ–≤–æ–π –≤–æ–π–Ω–µ****‚ùóÔ∏è–ú–æ–π –∫–æ–º–º–µ–Ω—Ç–∞—Ä–∏–π:**–ù–µ –º–æ–≥—É –Ω–µ –æ—Ç–º–µ—Ç–∏—Ç—å —ç—Ç—É –¥–∞—Ç—É. –î–µ–Ω—å –ü–æ–±–µ–¥—ã - —ç—Ç–æ –Ω–µ —Ç–æ–ª—å–∫–æ –ø–∞—Ä–∞–¥—ã –∏ —Å–∞–ª—é—Ç—ã, –Ω–æ –∏–≤—Ä–µ–º—è –ø–æ–º–Ω–∏—Ç—å —Ç–µ—Ö, –∫—Ç–æ –æ—Ç–¥–∞–ª –∂–∏–∑–Ω–∏ –∑–∞ –Ω–∞—à–µ –±—É–¥—É—â–µ–µ. –ü—É—Å—Ç—å –ø–æ–ª–∏—Ç–∏–∫–∏ –∏ —Å–æ–±—ã—Ç–∏—è–º–µ–Ω—è—é—Ç—Å—è, –Ω–æ –ø–∞–º—è—Ç—å –æ –≤–æ–π–Ω–µ –¥–æ–ª–∂–Ω–∞ –æ—Å—Ç–∞–≤–∞—Ç—å—Å—è —Å–≤—è—â–µ–Ω–Ω–æ–π."
2025-05-07 23:16:45,7835749556,"–ë–µ—Å–ø–∏–ª–æ—Ç–Ω–∏–∫–∏ –≤ –ü–æ–¥–º–æ—Å–∫–æ–≤—å–µ —Å–±–∏–≤–∞—é—Ç –∏ –≤–µ—Ä—Ç–æ–ª–µ—Ç—ã. –°—É–¥—è –ø–æ –∫–∞–¥—Ä–∞–º –∏–∑ –û—Ä–µ—Ö–æ–≤–æ-–ó—É–µ–≤—Å–∫–æ–≥–æ —Ä–∞–π–æ–Ω–∞ –ü–æ–¥–º–æ—Å–∫–æ–≤—å—è, –æ—Ö–æ—Ç—É –Ω–∞ –ë–ü–õ–ê –≤–µ–¥—É—Ç –≤ —Ç–æ–º —á–∏—Å–ª–µ –∏ –≤–µ—Ä—Ç–æ–ª–µ—Ç—ã –ö–∞-52.","**‚ùóÔ∏è–ë–µ—Å–ø–∏–ª–æ—Ç–Ω–∏–∫–∏ –≤ –ü–æ–¥–º–æ—Å–∫–æ–≤—å–µ —Å–±–∏–≤–∞—é—Ç –∏ –≤–µ—Ä—Ç–æ–ª–µ—Ç—ã**

**‚ùóÔ∏è–ú–æ–π –∫–æ–º–º–µ–Ω—Ç–∞—Ä–∏–π: –ó–¥–µ—Å—å –∫—Ç–æ-—Ç–æ —è–≤–Ω–æ –ø–µ—Ä–µ—Å—Ç–∞—Ä–∞–ª—Å—è. –í–µ—Ä—Ç–æ–ª–µ—Ç—ã –ö–∞-52 —Å–±–∏–≤–∞—é—Ç –±–µ—Å–ø–∏–ª–æ—Ç–Ω–∏–∫–∏ - –∏ —ç—Ç–æ –Ω–µ —à—É—Ç–∫–∞, –¥—Ä—É–∑—å—è. –ö–∞–∂–µ—Ç—Å—è, –±–µ—Å–ø–∏–ª–æ—Ç–Ω—ã–µ –∞–ø–ø–∞—Ä–∞—Ç—ã —Å—Ç–∞–ª–∏ –Ω–∞—Å—Ç–æ–ª—å–∫–æ —Å–µ—Ä—å—ë–∑–Ω–æ–π —É–≥—Ä–æ–∑–æ–π, —á—Ç–æ –ø—Ä–∏—à–ª–æ—Å—å –≤–∫–ª—é—á–∏—Ç—å –≤ —Ä–∞–±–æ—Ç—É —Ç–∞–∫—É—é —Ç—è–∂—ë–ª—É—é –∞—Ä—Ç–∏–ª–ª–µ—Ä–∏—é.**"
2025-05-07 23:24:00,7835749556,"–ö–æ–Ω–∫–ª–∞–≤ –Ω–µ —Å–º–æ–≥ –∏–∑–±—Ä–∞—Ç—å –Ω–æ–≤–æ–≥–æ –ø–∞–ø—É —Ä–∏–º—Å–∫–æ–≥–æ —Å –ø–µ—Ä–≤–æ–≥–æ —Ä–∞–∑–∞: –∏–∑ —Ç—Ä—É–±—ã –°–∏–∫—Å—Ç–∏–Ω—Å–∫–æ–π –∫–∞–ø–µ–ª–ª—ã –ø–æ—à–µ–ª —á–µ—Ä–Ω—ã–π –¥—ã–º (—Å—É–¥—è –ø–æ –∫–∞–¥—Ä–∞–º –ø—Ä—è–º–æ–π —Ç—Ä–∞–Ω—Å–ª—è—Ü–∏–∏).

–≠—Ç–æ –æ–∑–Ω–∞—á–∞–µ—Ç, —á—Ç–æ 133 –∫–∞—Ä–¥–∏–Ω–∞–ª–∞ –Ω–µ –ø—Ä–∏–Ω—è–ª–∏ —Ä–µ—à–µ–Ω–∏—è –≤–æ –≤—Ä–µ–º—è –ø–µ—Ä–≤–æ–≥–æ –≥–æ–ª–æ—Å–æ–≤–∞–Ω–∏—è –ö–æ–Ω–∫–ª–∞–≤–∞ –ø–æ –∏–∑–±—Ä–∞–Ω–∏—é –Ω–æ–≤–æ–≥–æ –ø–∞–ø—ã —Ä–∏–º—Å–∫–æ–≥–æ, –∏ –ø—Ä–æ—Ü–µ—Å—Å –±—É–¥–µ—Ç –ø—Ä–æ–¥–æ–ª–∂–∞—Ç—å—Å—è. 

–° –∑–∞–≤—Ç—Ä–∞—à–Ω–µ–≥–æ –¥–Ω—è –∏ –¥–æ –∏–∑–±—Ä–∞–Ω–∏—è –Ω–æ–≤–æ–≥–æ –ø–∞–ø—ã –±—É–¥–µ—Ç –ø—Ä–æ—Ö–æ–¥–∏—Ç—å –º–∞–∫—Å–∏–º—É–º —á–µ—Ç—ã—Ä–µ –≥–æ–ª–æ—Å–æ–≤–∞–Ω–∏—è –≤ –¥–µ–Ω—å.

–ü—Ä–∏ –≤—ã–±–æ—Ä–µ –Ω–æ–≤–æ–≥–æ –ø–∞–ø—ã —Ä–∏–º—Å–∫–æ–≥–æ, –∫–∞–∫ –∏–∑–≤–µ—Å—Ç–Ω–æ, –∏–∑ —Ç—Ä—É–±—ã –ø–æ–π–¥—ë—Ç –±–µ–ª—ã–π –¥—ã–º.

‚ùó –ü–æ–¥–ø–∏—Å—ã–≤–∞–π—Ç–µ—Å—å, —ç—Ç–æ Baza","**‚ùóÔ∏è–ü–µ—Ä–≤—ã–π —Ä–∞—É–Ω–¥ –∏–∑–±—Ä–∞–Ω–∏—è –ø–∞–ø—ã —Ä–∏–º—Å–∫–æ–≥–æ –Ω–µ —É–¥–∞–ª—Å—è, —á–µ—Ä–Ω—ã–π –¥—ã–º –∏–∑ –°–∏–∫—Å—Ç–∏–Ω—Å–∫–æ–π –∫–∞–ø–µ–ª–ª—ã.**

**‚ùóÔ∏è–ú–æ–π –∫–æ–º–º–µ–Ω—Ç–∞—Ä–∏–π: –ù—É –≤–æ—Ç, –∞ –º—ã –≤—Å–µ –∂–¥–∞–ª–∏ –±–µ–ª–æ–≥–æ –¥—ã–º–∞. –ö–∞—Ä–¥–∏–Ω–∞–ª—ã, –≤–∏–¥–∏–º–æ, –Ω–µ –º–æ–≥—É—Ç –æ–ø—Ä–µ–¥–µ–ª–∏—Ç—å—Å—è. –ù–æ, —á—Ç–æ —Ç—É—Ç —Å–∫–∞–∂–µ—à—å, –≤—ã–±–æ—Ä –Ω–æ–≤–æ–≥–æ –ø–∞–ø—ã ‚Äî —ç—Ç–æ –≤—Å–µ–≥–¥–∞ –¥–µ–ª–æ —Å–ª–æ–∂–Ω–æ–µ –∏ –æ—Ç–≤–µ—Ç—Å—Ç–≤–µ–Ω–Ω–æ–µ.**"
2025-05-08 09:52:27,7835749556,–ü–æ–ª—å–∑–∞ –ò–ò –¥–ª—è –∫–æ–Ω—Ç–µ–Ω—Ç –º–µ–Ω–µ–¥–∂–µ—Ä–∞ –≤ 500 —Å–∏–º–≤–æ–ª–æ–≤,"**üî• –ò–ò: —Å–∞–º—ã–π –≤–µ—Ä–Ω—ã–π –ø–æ–º–æ—â–Ω–∏–∫ –∫–æ–Ω—Ç–µ–Ω—Ç-–º–µ–Ω–µ–¥–∂–µ—Ä–∞!**

–í—Ä–µ–º–µ–Ω–∞ –º–µ–Ω—è—é—Ç—Å—è, –∏ –≤–º–µ—Å—Ç–µ —Å –Ω–∏–º–∏ –º–µ–Ω—è—é—Ç—Å—è –∏ –∏–Ω—Å—Ç—Ä—É–º–µ–Ω—Ç—ã —Ä–∞–±–æ—Ç—ã. –ò—Å–∫—É—Å—Å—Ç–≤–µ–Ω–Ω—ã–π –∏–Ω—Ç–µ–ª–ª–µ–∫—Ç (–ò–ò) - —ç—Ç–æ —É–∂–µ –Ω–µ –±—É–¥—É—â–µ–µ, —ç—Ç–æ –Ω–∞—à–µ –Ω–∞—Å—Ç–æ—è—â–µ–µ. 

–ö–∞–∫ –∫–æ–Ω—Ç–µ–Ω—Ç-–º–µ–Ω–µ–¥–∂–µ—Ä, —è –Ω–µ –º–æ–≥—É –Ω–µ —É–≤–∞–∂–∞—Ç—å —Å–∏–ª—É –ò–ò. –û–Ω –ø–æ–º–æ–≥–∞–µ—Ç –º–Ω–µ –æ—Å—Ç–∞–≤–∞—Ç—å—Å—è –≤ –∫—É—Ä—Å–µ —Ç—Ä–µ–Ω–¥–æ–≤, –∞–Ω–∞–ª–∏–∑–∏—Ä—É—è —Ç—ã—Å—è—á–∏ —Å—Ç—Ä–∞–Ω–∏—Ü –∫–æ–Ω—Ç–µ–Ω—Ç–∞ –∏ –æ–ø—Ä–µ–¥–µ–ª—è—è, —á—Ç–æ –∏–º–µ–Ω–Ω–æ –∑–∞—Ö–≤–∞—Ç—ã–≤–∞–µ—Ç –≤–Ω–∏–º–∞–Ω–∏–µ –∞—É–¥–∏—Ç–æ—Ä–∏–∏ –ø—Ä—è–º–æ —Å–µ–π—á–∞—Å. 

–ê –µ—â–µ, –ò–ò —Å–ø–æ—Å–æ–±–µ–Ω –∞–≤—Ç–æ–º–∞—Ç–∏–∑–∏—Ä–æ–≤–∞—Ç—å —Ä—É—Ç–∏–Ω–Ω—ã–µ –∑–∞–¥–∞—á–∏, —Ç–∞–∫–∏–µ –∫–∞–∫ –ø—É–±–ª–∏–∫–∞—Ü–∏—è –∏ –æ–±–Ω–æ–≤–ª–µ–Ω–∏–µ –∫–æ–Ω—Ç–µ–Ω—Ç–∞, –¥–∞–≤–∞—è –º–Ω–µ –±–æ–ª—å—à–µ –≤—Ä–µ–º–µ–Ω–∏ –Ω–∞ –∫—Ä–µ–∞—Ç–∏–≤–Ω—ã–µ –∑–∞–¥–∞—á–∏. 

–ë–æ–ª—å—à–µ, —á–µ–º –ø—Ä–æ—Å—Ç–æ –∏–Ω—Å—Ç—Ä—É–º–µ–Ω—Ç, –ò–ò - —ç—Ç–æ –ø–∞—Ä—Ç–Ω–µ—Ä, –∫–æ—Ç–æ—Ä—ã–π –¥–µ–ª–∞–µ—Ç –º–æ—é —Ä–∞–±–æ—Ç—É –±–æ–ª–µ–µ —ç—Ñ—Ñ–µ–∫—Ç–∏–≤–Ω–æ–π, –∏–Ω—Ç–µ—Ä–µ—Å–Ω–æ–π –∏ –ø—Ä–æ–¥—É–∫—Ç–∏–≤–Ω–æ–π. –í –æ–±—â–µ–º, –ò–ò - —ç—Ç–æ —Ç–µ—Ö–Ω–æ–ª–æ–≥–∏—è, –∫–æ—Ç–æ—Ä—É—é –Ω–µ–ª—å–∑—è –∏–≥–Ω–æ—Ä–∏—Ä–æ–≤–∞—Ç—å! üî•"
2025-05-08 09:53:02,7835749556,–ü–æ–ª—å–∑–∞ –ò–ò –¥–ª—è –∫–æ–Ω—Ç–µ–Ω—Ç –º–µ–Ω–µ–¥–∂–µ—Ä–∞ –≤ 500 —Å–∏–º–≤–æ–ª–æ–≤,"**üî• –ò–ò: —Å–∞–º—ã–π –≤–µ—Ä–Ω—ã–π –ø–æ–º–æ—â–Ω–∏–∫ –∫–æ–Ω—Ç–µ–Ω—Ç-–º–µ–Ω–µ–¥–∂–µ—Ä–∞!**

–í—Ä–µ–º–µ–Ω–∞ –º–µ–Ω—è—é—Ç—Å—è, –∏ –≤–º–µ—Å—Ç–µ —Å –Ω–∏–º–∏ –º–µ–Ω—è—é—Ç—Å—è –∏ –∏–Ω—Å—Ç—Ä—É–º–µ–Ω—Ç—ã —Ä–∞–±–æ—Ç—ã. –ò—Å–∫—É—Å—Å—Ç–≤–µ–Ω–Ω—ã–π –∏–Ω—Ç–µ–ª–ª–µ–∫—Ç (–ò–ò) - —ç—Ç–æ —É–∂–µ –Ω–µ –±—É–¥—É—â–µ–µ, —ç—Ç–æ –Ω–∞—à–µ –Ω–∞—Å—Ç–æ—è—â–µ–µ. 

–ö–∞–∫ –∫–æ–Ω—Ç–µ–Ω—Ç-–º–µ–Ω–µ–¥–∂–µ—Ä, —è –Ω–µ –º–æ–≥—É –Ω–µ —É–≤–∞–∂–∞—Ç—å —Å–∏–ª—É –ò–ò. –û–Ω –ø–æ–º–æ–≥–∞–µ—Ç –º–Ω–µ –æ—Å—Ç–∞–≤–∞—Ç—å—Å—è –≤ –∫—É—Ä—Å–µ —Ç—Ä–µ–Ω–¥–æ–≤, –∞–Ω–∞–ª–∏–∑–∏—Ä—É—è —Ç—ã—Å—è—á–∏ —Å—Ç—Ä–∞–Ω–∏—Ü –∫–æ–Ω—Ç–µ–Ω—Ç–∞ –∏ –æ–ø—Ä–µ–¥–µ–ª—è—è, —á—Ç–æ –∏–º–µ–Ω–Ω–æ –∑–∞—Ö–≤–∞—Ç—ã–≤–∞–µ—Ç –≤–Ω–∏–º–∞–Ω–∏–µ –∞—É–¥–∏—Ç–æ—Ä–∏–∏ –ø—Ä—è–º–æ —Å–µ–π—á–∞—Å. 

–ê –µ—â–µ, –ò–ò —Å–ø–æ—Å–æ–±–µ–Ω –∞–≤—Ç–æ–º–∞—Ç–∏–∑–∏—Ä–æ–≤–∞—Ç—å —Ä—É—Ç–∏–Ω–Ω—ã–µ –∑–∞–¥–∞—á–∏, —Ç–∞–∫–∏–µ –∫–∞–∫ –ø—É–±–ª–∏–∫–∞—Ü–∏—è –∏ –æ–±–Ω–æ–≤–ª–µ–Ω–∏–µ –∫–æ–Ω—Ç–µ–Ω—Ç–∞, –¥–∞–≤–∞—è –º–Ω–µ –±–æ–ª—å—à–µ –≤—Ä–µ–º–µ–Ω–∏ –Ω–∞ –∫—Ä–µ–∞—Ç–∏–≤–Ω—ã–µ –∑–∞–¥–∞—á–∏. 

–ë–æ–ª—å—à–µ, —á–µ–º –ø—Ä–æ—Å—Ç–æ –∏–Ω—Å—Ç—Ä—É–º–µ–Ω—Ç, –ò–ò - —ç—Ç–æ –ø–∞—Ä—Ç–Ω–µ—Ä, –∫–æ—Ç–æ—Ä—ã–π –¥–µ–ª–∞–µ—Ç –º–æ—é —Ä–∞–±–æ—Ç—É –±–æ–ª–µ–µ —ç—Ñ—Ñ–µ–∫—Ç–∏–≤–Ω–æ–π, –∏–Ω—Ç–µ—Ä–µ—Å–Ω–æ–π –∏ –ø—Ä–æ–¥—É–∫—Ç–∏–≤–Ω–æ–π. –í –æ–±—â–µ–º, –ò–ò - —ç—Ç–æ —Ç–µ—Ö–Ω–æ–ª–æ–≥–∏—è, –∫–æ—Ç–æ—Ä—É—é –Ω–µ–ª—å–∑—è –∏–≥–Ω–æ—Ä–∏—Ä–æ–≤–∞—Ç—å! üî•"
2025-05-08 09:53:59,7835749556,"–†—ã–Ω–æ–∫ —Å–µ–≥–æ–¥–Ω—è –¥–æ–±—Ä—ã–π, –∑–µ–ª–µ–Ω—ã–π!
üíö 

–ë–∏—Ç–∫–æ–∏–Ω –ø–æ—á—Ç–∏ 100 000$ —Å–Ω–æ–≤–∞. –ö–∞–π—Ñ! üòç","**üí∏üíö –ë–∏—Ç–∫–æ–∏–Ω –≤–Ω–æ–≤—å –ø—Ä–∏–±–ª–∏–∂–∞–µ—Ç—Å—è –∫ –æ—Ç–º–µ—Ç–∫–µ –≤ 100 000$!**

–ú–æ–π –∫–æ–º–º–µ–Ω—Ç–∞—Ä–∏–π:
–í–æ—Ç —ç—Ç–æ –¥–∞, –±–∏—Ç–æ–∫ –∑–∞—Å—Ç–∞–≤–∏–ª –≤—Å–µ—Ö –ø–µ—Ä–µ–∂–∏–≤–∞—Ç—å! –°–Ω–æ–≤–∞ –ø–æ—á—Ç–∏ 100 —à—Ç—É–∫ –±–∞–∫—Å–æ–≤ –∑–∞ –æ–¥–∏–Ω, —Ä—ã–Ω–æ–∫ –ø—Ä–æ—Å—Ç–æ –∫–∏–ø–∏—Ç. –ù–µ –∑–Ω–∞—é –∫—Ç–æ —Ç–∞–º —Å–∏–¥–∏—Ç –∑–∞ —ç—Ç–∏–º –≤—Å–µ–º, –Ω–æ –ø–∞—Ä–Ω–∏—à–∫–∞ - —Ç—ã —Ä–µ–∞–ª—å–Ω–æ –∫—Ä—É—Ç!"
2025-05-08 09:56:46,7835749556,"–†—ã–Ω–æ–∫ —Å–µ–≥–æ–¥–Ω—è –¥–æ–±—Ä—ã–π, –∑–µ–ª–µ–Ω—ã–π!
üíö 

–ë–∏—Ç–∫–æ–∏–Ω –ø–æ—á—Ç–∏ 100 000$ —Å–Ω–æ–≤–∞. –ö–∞–π—Ñ! üòç","**üí∞ –ë–∏—Ç–∫–æ–∏–Ω —Å–Ω–æ–≤–∞ –±–ª–∏–∑–∏—Ç—Å—è –∫ –æ—Ç–º–µ—Ç–∫–µ –≤ 100 000$!**

–ú–æ–π –∫–æ–º–º–µ–Ω—Ç–∞—Ä–∏–π:
–ü—Ä–∏—è—Ç–Ω–æ –≤–∏–¥–µ—Ç—å, –∫–∞–∫ –±–∏—Ç–∫–æ–∏–Ω —Å–Ω–æ–≤–∞ –ø–æ–¥–Ω–∏–º–∞–µ—Ç—Å—è, –Ω–æ –Ω–µ —Å—Ç–æ–∏—Ç –∑–∞–±—ã–≤–∞—Ç—å, —á—Ç–æ –ø–∞–¥–µ–Ω–∏–µ –º–æ–∂–µ—Ç –±—ã—Ç—å —Ç–∞–∫–∏–º –∂–µ —Å—Ç—Ä–µ–º–∏—Ç–µ–ª—å–Ω—ã–º. –í—Å–µ–≥–¥–∞ –Ω–∞–¥–æ –ø–æ–º–Ω–∏—Ç—å –æ —Ä–∏—Å–∫–∞—Ö. –ê –µ—â—ë, –∑–µ–ª—ë–Ω—ã–π —Ä—ã–Ω–æ–∫ - —ç—Ç–æ –≤—Å–µ–≥–¥–∞ —Ö–æ—Ä–æ—à–æ, –Ω–æ —Ç–æ–ª—å–∫–æ –¥–ª—è —Ç–µ—Ö, –∫—Ç–æ –≤ –Ω—ë–º —É—á–∞—Å—Ç–≤—É–µ—Ç."
